last_name, first_name,player_id,year,player_age,b_ab,b_total_hits,b_double,b_triple,b_home_run,b_strikeout,b_walk,b_k_percent,b_bb_percent,batting_avg,slg_percent,on_base_percent,on_base_plus_slg,isolated_power,r_total_stolen_base,r_stolen_base_pct,xba,xslg,woba,xwoba,xobp,xiso,exit_velocity_avg,launch_angle_avg,sweet_spot_percent,barrels,barrel_batted_rate,n_outs_above_average,n_bolts,sprint_speed,
Pujols, Albert,405395,2021,41,275,65,3,0,17,45,14,15.2,4.7,0.236,0.433,0.284,0.717,0.196,2,,0.255,0.455,0.302,0.322,0.302,0.199,90.3,12,29.3,21,9.1,,,22.4,
Cabrera, Miguel,408234,2021,38,472,121,16,0,15,118,40,22.4,7.6,0.256,0.386,0.316,0.701,0.129,0,,0.231,0.410,0.305,0.311,0.297,0.179,91.4,10,32.8,30,8.3,,,23.9,
Rivera, Rene,425784,2021,38,69,16,3,0,2,29,4,37.2,5.1,0.232,0.362,0.282,0.644,0.130,0,,0.195,0.326,0.288,0.262,0.259,0.131,88.5,13,30.2,4,9.3,,,26.0,
Molina, Yadier,425877,2021,39,440,111,19,0,11,79,24,16.7,5.1,0.252,0.370,0.296,0.666,0.118,3,,0.252,0.398,0.290,0.303,0.297,0.146,88,15.3,34.1,19,5.2,,,22.6,
Suzuki, Kurt,435559,2021,38,219,49,8,0,6,44,12,17.8,4.9,0.224,0.342,0.291,0.634,0.119,0,,0.202,0.300,0.282,0.260,0.275,0.098,85.2,14.6,28.9,7,3.9,,,24.6,
Cruz Jr., Nelson,443558,2021,41,513,136,21,1,32,126,51,21.6,8.7,0.265,0.497,0.332,0.829,0.232,3,,0.263,0.507,0.346,0.363,0.339,0.245,92.9,11.8,31.8,54,13.6,,,26.0,
Peralta, David,444482,2021,34,487,126,30,8,8,92,46,17.1,8.6,0.259,0.402,0.325,0.728,0.144,2,,0.240,0.339,0.314,0.291,0.310,0.098,89.3,5.3,27.2,20,5,3,,27.6,
Pina, Manny,444489,2021,34,180,34,6,0,13,38,22,18.3,10.6,0.189,0.439,0.293,0.732,0.250,0,,0.216,0.430,0.315,0.327,0.317,0.214,86.5,18.8,32.2,15,10.5,,,25.1,
Escobar, Alcides,444876,2021,35,319,92,21,2,4,56,17,16.0,4.9,0.288,0.404,0.338,0.742,0.116,3,,0.269,0.359,0.326,0.308,0.324,0.090,81.7,11.1,36.3,8,3,,3,27.4,
Longoria, Evan,446334,2021,36,253,66,17,0,13,68,35,23.4,12.0,0.261,0.482,0.351,0.833,0.221,1,,0.249,0.480,0.352,0.350,0.341,0.231,94.1,15.5,34.2,25,13.4,,,26.1,
Cabrera, Asdrubal,452678,2021,36,309,71,21,0,7,80,36,22.7,10.2,0.230,0.366,0.313,0.678,0.136,1,,0.211,0.324,0.297,0.282,0.299,0.113,87.8,14.5,30,14,6,,,24.9,
Blackmon, Charlie,453568,2021,35,514,139,25,4,13,91,54,15.6,9.3,0.270,0.411,0.351,0.761,0.140,3,,0.288,0.448,0.333,0.358,0.366,0.161,87.6,10.2,32.6,30,7,-8,1,27.7,
Maldonado, Martin,455117,2021,35,373,64,10,1,12,127,47,29.8,11.0,0.172,0.300,0.272,0.573,0.129,0,,0.183,0.311,0.258,0.268,0.283,0.127,88,17.6,30.8,14,5.7,,,23.5,
Chirinos, Robinson,455139,2021,37,97,22,5,1,5,36,9,32.1,8.0,0.227,0.454,0.321,0.775,0.227,0,,0.187,0.352,0.336,0.288,0.290,0.165,89.4,21.7,29,5,8.1,,,24.8,
Cain, Lorenzo,456715,2021,35,257,66,13,0,8,48,26,16.8,9.1,0.257,0.401,0.329,0.729,0.144,13,,0.250,0.370,0.319,0.312,0.323,0.121,88.4,7.2,29,9,4.3,6,15,28.7,
Solano, Donovan,456781,2021,34,307,86,17,0,7,58,25,16.9,7.3,0.280,0.404,0.343,0.747,0.124,2,,0.273,0.427,0.324,0.334,0.339,0.154,88.3,11,39.8,19,7.5,,1,26.1,
McCutchen, Andrew,457705,2021,35,482,107,24,1,27,132,81,23.0,14.1,0.222,0.444,0.334,0.778,0.222,6,,0.235,0.420,0.335,0.340,0.348,0.185,88.8,14.6,33.6,32,9,-4,5,28.7,
Upton, Justin,457708,2021,34,318,67,12,0,17,107,39,29.6,10.8,0.211,0.409,0.296,0.704,0.198,4,,0.221,0.416,0.305,0.318,0.306,0.195,90.1,15.6,30.4,25,11.7,-6,,27.5,
Turner, Justin,457759,2021,37,533,148,22,0,27,98,61,16.0,10.0,0.278,0.471,0.361,0.832,0.193,3,,0.267,0.460,0.358,0.356,0.355,0.193,90.9,19.2,36.5,35,7.9,,,25.5,
Posey III, Buster,457763,2021,34,395,120,23,0,18,87,56,19.2,12.3,0.304,0.499,0.390,0.889,0.195,0,,0.278,0.460,0.379,0.358,0.367,0.182,88.5,8.7,38.4,25,8.1,,,24.2,
Votto, Joey,458015,2021,38,448,119,23,1,36,127,77,23.8,14.4,0.266,0.563,0.375,0.938,0.297,1,,0.271,0.582,0.391,0.404,0.380,0.310,92.9,18.2,44.3,56,17.2,,,25.1,
Gardner, Brett,458731,2021,38,387,86,16,4,10,100,60,21.7,13.0,0.222,0.362,0.323,0.685,0.140,4,,0.214,0.312,0.305,0.291,0.321,0.099,86.7,12.5,29.2,10,3.4,0,7,28.6,
Andrus, Elvis,462101,2021,33,497,121,25,2,3,81,31,15.0,5.7,0.243,0.320,0.292,0.612,0.076,13,,0.271,0.369,0.270,0.307,0.321,0.099,87.8,8.1,34,9,2.1,,,26.7,
Sandoval, Pablo,467055,2021,35,73,13,0,0,4,25,11,29.1,12.8,0.178,0.342,0.302,0.645,0.164,0,,0.192,0.347,0.291,0.300,0.314,0.155,91.3,13.8,39.6,4,8.3,,,22.7,
Ramos, Wilson,467092,2021,34,151,31,5,0,8,36,9,22.1,5.5,0.205,0.397,0.245,0.643,0.192,0,,0.235,0.404,0.275,0.305,0.283,0.169,89.6,6.6,30.2,13,11.2,,,23.7,
Santana, Carlos,467793,2021,35,565,121,15,0,19,102,86,15.5,13.1,0.214,0.342,0.319,0.660,0.127,2,,0.241,0.414,0.294,0.333,0.343,0.173,89.9,12.9,28,32,6.8,,,24.9,
Parra, Gerardo,467827,2021,34,97,23,5,0,2,30,6,28.0,5.6,0.237,0.351,0.290,0.640,0.113,1,,0.211,0.292,0.282,0.250,0.269,0.081,87.5,15.7,36.2,1,1.4,-2,,26.0,
Mercer, Jordy,474568,2021,35,118,30,7,0,2,34,9,26.8,7.1,0.254,0.364,0.307,0.671,0.110,0,,0.236,0.345,0.294,0.282,0.290,0.109,86.7,13.2,42.9,3,3.6,,,26.5,
Belt, Brandon,474832,2021,33,325,89,14,2,29,103,48,27.0,12.6,0.274,0.597,0.378,0.975,0.323,3,,0.241,0.516,0.406,0.373,0.352,0.275,89.2,23,35.9,38,17,,,25.6,
Zimmerman, Ryan,475582,2021,37,255,62,16,0,14,77,16,28.2,5.9,0.243,0.471,0.286,0.756,0.227,0,,0.229,0.414,0.319,0.299,0.274,0.185,91.3,7.4,32.2,19,10.6,,,26.6,
Lowrie, Jed,476704,2021,37,457,112,28,0,14,108,49,21.1,9.6,0.245,0.398,0.318,0.717,0.153,0,,0.255,0.453,0.311,0.340,0.329,0.198,90.7,16.4,36.5,33,9.3,,,25.2,
Avila, Alex,488671,2021,34,89,17,9,1,1,37,19,33.3,17.1,0.191,0.348,0.342,0.691,0.157,0,,0.176,0.312,0.311,0.297,0.333,0.136,88.6,10.8,39.6,6,11.3,,,24.2,
Brantley Jr., Michael,488726,2021,34,469,146,29,3,8,53,33,10.4,6.5,0.311,0.437,0.362,0.799,0.126,1,,0.310,0.460,0.347,0.360,0.362,0.150,89.5,9.9,38.8,24,5.8,-2,,25.7,
Castro, Jason,488771,2021,34,149,35,7,0,8,54,25,30.2,14.0,0.235,0.443,0.352,0.795,0.208,0,,0.251,0.489,0.347,0.371,0.370,0.238,90.5,14.5,43.3,14,14.4,,,26.6,
Gurriel, Yuli,493329,2021,37,530,169,31,0,15,68,59,11.2,9.8,0.319,0.462,0.383,0.846,0.143,1,,0.269,0.380,0.363,0.324,0.345,0.112,89.8,13.4,31,16,3.4,,,27.0,
Rojas, Miguel,500743,2021,32,495,131,30,3,9,74,37,13.7,6.9,0.265,0.392,0.321,0.713,0.127,13,,0.247,0.341,0.311,0.290,0.306,0.094,86.2,11.5,32.4,12,2.8,,,26.6,
Escobar, Eduardo,500871,2021,32,549,139,26,5,28,124,48,20.7,8.0,0.253,0.472,0.314,0.786,0.219,1,,0.247,0.447,0.334,0.327,0.309,0.199,87,20.8,38,38,8.9,,,27.4,
Adrianza, Ehire,501303,2021,32,182,45,9,2,5,42,21,20.1,10.0,0.247,0.401,0.325,0.726,0.154,0,,0.245,0.361,0.316,0.310,0.328,0.116,85.4,13.4,36.1,4,2.8,-1,,26.9,
Lagares, Juan,501571,2021,32,309,73,20,2,6,76,12,23.2,3.7,0.236,0.372,0.263,0.635,0.136,1,,0.242,0.367,0.274,0.281,0.272,0.125,90.6,8.8,34.9,16,6.7,2,,28.2,
Almonte, Abraham,501659,2021,32,148,32,12,0,5,38,26,21.7,14.9,0.216,0.399,0.331,0.730,0.182,1,,0.226,0.350,0.321,0.314,0.342,0.124,89.3,10.5,32.4,8,7.2,-2,,27.8,
Davis, Khris,501981,2021,34,102,21,5,1,3,31,10,27.2,8.8,0.206,0.363,0.272,0.635,0.157,0,,0.217,0.409,0.274,0.311,0.290,0.192,89.9,13.6,30.1,8,11,,,25.6,
Pham, Tommy,502054,2021,33,475,109,24,2,15,128,78,22.8,13.9,0.229,0.383,0.340,0.724,0.154,14,,0.254,0.432,0.318,0.350,0.363,0.178,90.8,7.6,35.6,35,10,-4,,27.8,
Martinez, J.D.,502110,2021,34,570,163,42,3,28,150,55,23.7,8.7,0.286,0.518,0.349,0.866,0.232,0,,0.285,0.522,0.364,0.371,0.349,0.238,92.1,16.9,41.2,53,12.5,-1,,26.1,
Reddick, Josh,502210,2021,34,151,39,11,0,2,31,6,19.6,3.8,0.258,0.371,0.285,0.656,0.113,0,,0.262,0.366,0.283,0.287,0.289,0.104,85.1,16.8,40.5,3,2.5,-1,,26.3,
Dyson, Jarrod,502481,2021,37,135,28,7,2,0,33,10,22.1,6.7,0.207,0.289,0.255,0.544,0.081,10,,0.212,0.277,0.243,0.247,0.265,0.065,83.5,4.1,30.2,1,0.9,5,15,27.8,
Goldschmidt, Paul,502671,2021,34,603,177,36,2,31,136,67,20.0,9.9,0.294,0.514,0.365,0.879,0.221,12,,0.290,0.564,0.373,0.394,0.363,0.274,92.6,17.1,36.9,64,13.6,,,26.2,
Gonzalez, Marwin,503556,2021,32,276,55,14,0,5,78,20,25.4,6.5,0.199,0.304,0.274,0.578,0.105,3,,0.216,0.327,0.259,0.278,0.290,0.111,87.9,8.9,31.5,9,4.5,1,,26.8,
Leon, Sandy,506702,2021,32,202,37,5,0,4,65,12,29.5,5.5,0.183,0.267,0.236,0.504,0.084,0,,0.170,0.255,0.225,0.215,0.225,0.085,87.3,20,31.4,3,2.1,,,23.7,
Altuve, Jose,514888,2021,31,601,167,32,1,31,91,66,13.4,9.7,0.278,0.489,0.350,0.839,0.211,5,,0.258,0.414,0.357,0.330,0.335,0.156,87.6,15.7,31.9,33,6.4,,38,27.9,
Hernandez, Cesar,514917,2021,31,570,132,21,2,21,135,59,21.2,9.3,0.232,0.386,0.308,0.694,0.154,1,,0.237,0.374,0.302,0.306,0.314,0.136,87.4,10.7,32.6,30,6.8,,34,28.7,
Segura, Jean,516416,2021,31,514,149,27,3,14,78,39,13.8,6.9,0.290,0.436,0.347,0.783,0.146,9,,0.262,0.388,0.338,0.316,0.325,0.126,87.2,5.8,31.1,26,5.9,,4,27.3,
Castro, Starlin,516770,2021,31,315,89,20,0,3,62,26,17.9,7.5,0.283,0.375,0.332,0.707,0.092,0,,0.270,0.406,0.309,0.323,0.326,0.136,88.4,9.2,33.9,14,5.4,,,26.1,
Marte, Starling,516782,2021,33,467,145,27,3,12,99,43,18.8,8.2,0.310,0.458,0.382,0.840,0.148,47,,0.272,0.429,0.364,0.344,0.350,0.157,87.6,4.6,32.6,31,8.4,4,22,28.4,
Culberson, Charlie,518586,2021,32,247,60,15,2,5,64,17,23.6,6.3,0.243,0.381,0.292,0.672,0.138,7,,0.228,0.318,0.292,0.269,0.283,0.091,85.4,10.6,35.6,6,3.2,,,28.1,
d'Arnaud, Travis,518595,2021,32,209,46,14,0,7,53,17,23.1,7.4,0.220,0.388,0.284,0.671,0.167,0,,0.245,0.396,0.291,0.309,0.307,0.151,89.9,5.9,33.8,12,7.6,,,26.4,
Donaldson, Josh,518626,2021,36,457,113,26,0,26,114,74,21.0,13.6,0.247,0.475,0.352,0.827,0.228,0,,0.266,0.533,0.353,0.385,0.369,0.266,94.1,14.6,30.2,61,17.4,,,24.5,
Freeman, Freddie,518692,2021,32,600,180,25,2,31,107,85,15.4,12.2,0.300,0.503,0.393,0.896,0.203,8,,0.315,0.571,0.379,0.413,0.406,0.256,91.4,12,37.2,57,11.5,,,26.9,
Grandal, Yasmani,518735,2021,33,279,67,9,0,23,82,87,21.9,23.2,0.240,0.520,0.419,0.938,0.280,0,,0.256,0.499,0.403,0.411,0.437,0.243,93.1,14.2,32.5,27,13.3,,,23.5,
Heyward, Jason,518792,2021,32,323,69,15,2,8,68,27,19.3,7.6,0.214,0.347,0.280,0.627,0.133,5,,0.229,0.357,0.275,0.290,0.295,0.127,88.2,7.5,27.5,12,4.7,3,,26.8,
LeMahieu, DJ,518934,2021,33,597,160,24,1,10,94,73,13.8,10.8,0.268,0.362,0.349,0.711,0.094,4,,0.279,0.391,0.315,0.337,0.361,0.112,90.6,5,33.3,19,3.7,,,26.5,
Moreland, Mitch,519048,2021,36,229,52,11,1,10,58,18,23.0,7.1,0.227,0.415,0.286,0.701,0.188,0,,0.225,0.389,0.300,0.296,0.285,0.165,91,12.9,31.6,16,9.2,,,24.4,
Moustakas, Mike,519058,2021,33,183,38,12,0,6,46,18,22.3,8.7,0.208,0.372,0.282,0.653,0.164,0,,0.201,0.326,0.284,0.275,0.280,0.125,87,18.6,29.3,8,5.7,,,25.2,
Rizzo, Anthony,519203,2021,32,496,123,23,3,22,87,52,15.1,9.0,0.248,0.440,0.344,0.783,0.192,6,,0.257,0.424,0.339,0.343,0.353,0.166,90.1,14.8,31.4,32,7.7,,,25.2,
Sogard, Eric,519299,2021,35,169,42,6,1,1,30,9,16.7,5.0,0.249,0.314,0.283,0.597,0.065,3,,0.198,0.265,0.259,0.225,0.238,0.067,84,12.1,27.7,1,0.7,,,25.6,
Stanton, Giancarlo,519317,2021,32,510,139,19,0,35,157,63,27.1,10.9,0.273,0.516,0.354,0.870,0.243,0,,0.258,0.488,0.370,0.360,0.342,0.231,95.1,10.3,32.6,56,15.7,-2,,24.7,
Vogt, Stephen,519390,2021,37,210,41,6,1,7,56,26,23.5,10.9,0.195,0.333,0.282,0.615,0.138,0,,0.212,0.349,0.270,0.288,0.299,0.138,88.5,19.2,32.1,8,5.1,,,26.2,
Galvis, Freddy,520471,2021,32,356,86,15,1,14,77,27,19.5,6.9,0.242,0.407,0.299,0.707,0.166,1,,0.222,0.349,0.305,0.282,0.285,0.128,86.8,14.1,34.9,14,4.9,,,25.8,
Perez, Salvador,521692,2021,31,620,169,24,0,48,170,28,25.6,4.2,0.273,0.544,0.316,0.859,0.271,1,,0.273,0.554,0.359,0.371,0.319,0.281,93,15.9,34.1,74,16.3,,,26.1,
Flores, Wilmer,527038,2021,30,389,102,16,1,18,56,41,12.8,9.4,0.262,0.447,0.335,0.782,0.185,1,,0.235,0.390,0.337,0.308,0.311,0.155,88.6,18,32.7,20,6,,,24.6,
Garcia, Avisail,541645,2021,30,461,121,18,0,29,121,38,23.5,7.4,0.262,0.490,0.330,0.820,0.228,8,,0.274,0.505,0.346,0.364,0.343,0.231,90.4,9.3,35.9,42,12.2,-2,1,28.7,
Inciarte, Ender,542255,2021,31,79,17,2,0,2,22,7,24.7,7.9,0.215,0.316,0.270,0.586,0.101,1,,0.184,0.247,0.262,0.226,0.248,0.063,84.2,12.9,31.7,2,3.3,2,,26.8,
Ozuna, Marcell,542303,2021,31,188,40,6,0,7,46,19,22.1,9.1,0.213,0.356,0.288,0.645,0.144,0,,0.265,0.451,0.284,0.344,0.336,0.186,89.7,14.5,35.2,14,9.9,0,,26.5,
Villar, Jonathan,542340,2021,30,454,113,18,2,18,132,46,26.1,9.1,0.249,0.416,0.321,0.737,0.167,14,,0.231,0.381,0.320,0.304,0.306,0.149,88,7,29.9,24,7.4,,,27.3,
Ortega, Rafael,542364,2021,30,296,86,14,2,11,70,30,21.2,9.1,0.291,0.463,0.358,0.820,0.172,12,,0.249,0.373,0.355,0.309,0.322,0.124,88.3,18.3,36.8,13,5.7,-2,,27.5,
Santana, Danny,542454,2021,31,116,21,2,1,5,30,10,23.6,7.9,0.181,0.345,0.252,0.597,0.164,4,,0.189,0.355,0.261,0.272,0.259,0.166,87.6,16.6,26.7,6,7,-1,1,28.0,
Aguilar, Jesus,542583,2021,31,449,117,23,0,22,93,46,18.2,9.0,0.261,0.459,0.325,0.784,0.198,0,,0.259,0.448,0.334,0.334,0.328,0.190,89.6,19,34.7,31,8.5,,,24.3,
Berti, Jon,542932,2021,31,233,49,10,1,4,61,32,22.5,11.8,0.210,0.313,0.310,0.623,0.103,8,,0.230,0.319,0.282,0.301,0.331,0.088,87.1,1.9,29.1,4,2.3,,46,29.9,
Crawford, Brandon,543063,2021,34,483,144,30,3,24,105,56,19.1,10.2,0.298,0.522,0.373,0.895,0.224,11,,0.255,0.479,0.377,0.351,0.338,0.224,88.8,14.7,35.8,44,11.5,,,25.8,
Cron, C.J.,543068,2021,31,470,132,31,1,28,117,60,21.4,11.0,0.281,0.530,0.375,0.905,0.249,1,,0.261,0.480,0.383,0.365,0.360,0.218,88.8,15.8,32.2,41,11.5,,,25.9,
Dickerson, Alex,543105,2021,31,283,66,10,2,13,76,23,24.4,7.4,0.233,0.420,0.304,0.725,0.187,1,,0.257,0.437,0.313,0.334,0.326,0.180,87.4,17,35.7,21,10.1,-3,,26.7,
Gomes, Yan,543228,2021,34,349,88,15,1,14,78,19,20.8,5.1,0.252,0.421,0.301,0.723,0.169,0,,0.276,0.460,0.308,0.337,0.324,0.184,89.6,14.1,39.3,24,8.8,,,26.3,
Grossman, Robbie,543257,2021,32,557,133,23,3,23,155,98,23.1,14.6,0.239,0.415,0.356,0.771,0.176,20,,0.231,0.389,0.337,0.331,0.352,0.158,87.8,21.1,39.5,31,7.6,-1,,27.8,
Harrison, Josh,543281,2021,34,505,141,33,2,8,75,31,13.4,5.6,0.279,0.400,0.341,0.741,0.121,9,,0.276,0.415,0.325,0.332,0.338,0.139,87.2,14.5,39.5,19,4.4,-4,,26.7,
Hicks, Aaron,543305,2021,32,108,21,3,0,4,30,14,23.8,11.1,0.194,0.333,0.294,0.627,0.139,0,,0.238,0.412,0.279,0.332,0.336,0.174,89.3,19.1,36.3,8,10,1,,26.9,
Higashioka, Kyle,543309,2021,31,193,35,10,0,10,59,17,28.0,8.1,0.181,0.389,0.246,0.635,0.207,0,,0.226,0.482,0.272,0.334,0.290,0.256,90.5,21.7,37.8,21,15.6,,,25.4,
Hosmer, Eric,543333,2021,32,509,137,28,0,12,99,48,17.5,8.5,0.269,0.395,0.336,0.731,0.126,5,,0.265,0.403,0.319,0.325,0.334,0.138,90.5,3.3,26.6,24,5.8,,,26.0,
McCann, James,543510,2021,31,375,87,12,1,10,115,32,27.9,7.8,0.232,0.349,0.294,0.643,0.117,1,,0.221,0.338,0.281,0.281,0.287,0.116,87.3,9.3,32.3,16,6.1,,,26.7,
Miller, Brad,543543,2021,32,331,75,9,3,20,112,45,29.7,11.9,0.227,0.453,0.321,0.774,0.227,3,,0.244,0.449,0.331,0.342,0.337,0.205,92.4,12.9,31.1,27,12.3,-4,,27.5,
Nola, Austin,543592,2021,32,173,47,12,0,2,19,14,9.8,7.2,0.272,0.376,0.340,0.716,0.104,0,,0.253,0.349,0.316,0.302,0.324,0.096,89.7,14.7,30.1,1,0.6,,,26.0,
Rendon, Anthony,543685,2021,31,217,52,13,0,6,41,29,16.5,11.6,0.240,0.382,0.329,0.712,0.143,0,,0.233,0.369,0.310,0.305,0.324,0.136,89.1,22.3,31.5,10,5.6,,,25.2,
Semien, Marcus,543760,2021,31,652,173,39,2,45,146,66,20.2,9.1,0.265,0.538,0.334,0.873,0.273,16,,0.241,0.444,0.368,0.329,0.313,0.203,89.7,20.3,35.2,50,9.8,,5,28.6,
Shaw, Travis,543768,2021,31,220,44,11,0,9,68,24,27.2,9.6,0.200,0.373,0.284,0.657,0.173,0,,0.213,0.382,0.289,0.301,0.299,0.168,87.7,19.9,31.6,14,9,,,25.1,
Springer III, George,543807,2021,32,299,79,19,1,22,79,37,23.1,10.8,0.264,0.555,0.351,0.906,0.291,4,,0.245,0.498,0.381,0.360,0.337,0.253,89.4,19,37.1,34,15.4,2,,28.4,
Vazquez, Christian,543877,2021,31,458,118,23,1,6,84,33,16.9,6.6,0.258,0.352,0.307,0.659,0.094,8,,0.234,0.334,0.289,0.275,0.286,0.100,86.3,13.6,33,10,2.6,,,25.2,
Wong, Kolten,543939,2021,31,445,121,32,2,14,83,31,16.9,6.3,0.272,0.447,0.335,0.783,0.175,12,,0.248,0.374,0.337,0.305,0.315,0.126,88.3,12.8,35.3,20,5.5,,,26.7,
Gregorius, Didi,544369,2021,31,368,77,16,2,13,67,25,16.4,6.1,0.209,0.370,0.270,0.639,0.160,3,,0.220,0.320,0.275,0.271,0.283,0.099,86.1,18.3,32.1,7,2.3,,,27.7,
Garcia, Leury,544725,2021,30,415,111,22,4,5,97,41,20.5,8.6,0.267,0.376,0.329,0.705,0.108,6,,0.236,0.331,0.312,0.289,0.308,0.095,86.1,4.3,30.1,11,3.3,1,5,28.4,
Vargas, Ildemaro,545121,2021,30,77,12,3,1,0,17,6,20.5,7.2,0.156,0.221,0.217,0.438,0.065,1,,0.215,0.277,0.192,0.244,0.272,0.062,84.6,2.8,28.3,1,1.7,,,27.0,
Grichuk, Randal,545341,2021,30,511,123,25,1,22,114,27,20.9,5.0,0.241,0.423,0.281,0.703,0.182,0,,0.229,0.389,0.300,0.292,0.273,0.160,89.8,16.1,30.4,34,8.5,0,,28.1,
Marisnick, Jake,545350,2021,30,176,38,7,3,5,65,11,32.8,5.6,0.216,0.375,0.283,0.658,0.159,4,,0.194,0.289,0.287,0.257,0.270,0.095,88.2,15.2,34.8,7,6.1,4,4,28.8,
Stassi, Max,545358,2021,30,282,68,11,1,13,101,28,31.7,8.8,0.241,0.426,0.326,0.752,0.184,0,,0.225,0.404,0.327,0.317,0.312,0.179,89.8,11.1,35.2,20,11,,,26.4,
Trout, Mike,545361,2021,30,117,39,8,1,8,41,27,28.1,18.5,0.333,0.624,0.466,1.090,0.291,2,,0.297,0.562,0.451,0.421,0.436,0.265,91.9,12.9,38.2,14,18.4,1,12,29.3,
Herrera, Odubel,546318,2021,30,450,117,27,2,13,77,29,15.7,5.9,0.260,0.416,0.309,0.724,0.156,6,,0.250,0.373,0.312,0.301,0.304,0.123,88.9,7.3,32.5,18,4.7,6,,27.3,
Alford, Anthony,546990,2021,27,133,31,6,1,5,58,12,39.2,8.1,0.233,0.406,0.311,0.717,0.173,5,,0.195,0.375,0.310,0.287,0.277,0.180,89,11.8,36,8,10.7,4,12,29.6,
Ruiz, Rio,547004,2021,27,125,21,4,0,3,38,12,27.0,8.5,0.168,0.272,0.241,0.513,0.104,2,,0.181,0.277,0.231,0.245,0.258,0.097,86.8,9.9,25.6,4,4.4,,,25.7,
Harper, Bryce,547180,2021,29,488,151,42,1,35,134,100,22.4,16.7,0.309,0.615,0.427,1.042,0.305,13,,0.297,0.598,0.431,0.427,0.420,0.300,92.5,13.3,38.9,65,18.1,-5,,27.8,
Perez, Roberto,547379,2021,33,141,21,3,0,7,56,17,34.8,10.6,0.149,0.319,0.242,0.561,0.170,1,,0.199,0.384,0.251,0.297,0.290,0.185,91,6.9,26.4,11,12.6,,,24.7,
Abreu, Jose,547989,2021,34,566,148,30,2,30,143,61,21.7,9.3,0.261,0.481,0.351,0.831,0.219,1,,0.249,0.447,0.354,0.346,0.344,0.198,92,10.4,31.2,44,10.2,,,26.5,
Diaz, Elias,553869,2021,31,338,83,18,1,18,60,30,16.2,8.1,0.246,0.464,0.310,0.774,0.219,0,,0.247,0.417,0.330,0.319,0.312,0.170,87.1,14.7,30.1,22,7.9,,,25.8,
Narvaez, Omar,553882,2021,29,391,104,20,0,11,84,41,18.9,9.2,0.266,0.402,0.342,0.743,0.136,0,,0.234,0.363,0.322,0.302,0.317,0.129,84.6,17.9,40.3,16,5.1,,,25.2,
Astudillo, Willians,553902,2021,30,208,49,8,0,7,12,3,5.6,1.4,0.236,0.375,0.259,0.634,0.139,0,,0.250,0.368,0.272,0.278,0.273,0.118,85.9,16.8,33.5,8,4.1,,,24.2,
Suarez, Eugenio,553993,2021,30,505,100,23,0,31,171,56,29.8,9.8,0.198,0.428,0.286,0.713,0.230,0,,0.213,0.445,0.306,0.323,0.300,0.232,89.1,18.3,33,51,15,,,26.7,
Polanco, Gregory,570256,2021,30,336,70,12,2,11,104,36,27.2,9.4,0.208,0.354,0.283,0.637,0.146,14,,0.228,0.400,0.275,0.312,0.305,0.172,89.9,15.9,32.5,23,9.6,-1,,27.2,
Gonzalez, Erik,570481,2021,30,220,51,7,1,2,40,8,17.5,3.5,0.232,0.300,0.258,0.558,0.068,2,,0.248,0.339,0.244,0.271,0.273,0.092,87,0.1,27.1,6,3.3,,,27.5,
Urshela, Gio,570482,2021,30,420,112,18,2,14,109,20,24.7,4.5,0.267,0.419,0.301,0.720,0.152,1,,0.250,0.412,0.309,0.303,0.286,0.162,88.9,7.5,36.2,25,8,,,25.7,
Schoop, Jonathan,570731,2021,30,623,173,30,1,22,133,37,19.7,5.5,0.278,0.435,0.320,0.755,0.157,2,,0.255,0.397,0.324,0.309,0.303,0.142,88.1,10.8,30.1,34,6.8,,,27.0,
Arenado, Nolan,571448,2021,30,593,151,34,3,34,96,50,14.7,7.7,0.255,0.494,0.312,0.807,0.239,2,,0.246,0.413,0.336,0.310,0.306,0.167,89,20,34.1,34,6.7,,,25.4,
Barnhart, Tucker,571466,2021,30,348,86,21,0,7,100,29,25.8,7.5,0.247,0.368,0.317,0.685,0.121,0,,0.203,0.310,0.300,0.264,0.278,0.107,87.1,15.5,37.1,10,4,,,24.3,
Farmer, Kyle,571657,2021,31,483,127,22,2,16,97,22,18.3,4.2,0.263,0.416,0.316,0.732,0.153,2,,0.249,0.375,0.316,0.299,0.304,0.126,87.2,15.8,36,17,4.3,,,27.0,
Goodwin, Brian,571718,2021,31,235,52,10,1,8,58,33,21.4,12.2,0.221,0.374,0.317,0.692,0.153,1,,0.247,0.391,0.306,0.326,0.341,0.145,88.5,16.9,35.8,11,6.1,-5,,27.3,
Hamilton, Billy,571740,2021,31,127,28,8,3,2,47,4,34.8,3.0,0.220,0.378,0.237,0.615,0.157,9,,0.196,0.260,0.262,0.215,0.220,0.064,83.9,18.6,38.1,1,1.2,2,12,29.5,
Haniger, Mitch,571745,2021,31,620,157,23,2,39,169,54,24.5,7.8,0.253,0.485,0.318,0.804,0.232,1,,0.258,0.488,0.340,0.351,0.326,0.230,89.3,14.8,33.6,58,12.6,-6,1,27.2,
Hernandez, Enrique,571771,2021,30,508,127,35,3,20,110,61,18.8,10.4,0.250,0.449,0.337,0.786,0.199,1,,0.252,0.447,0.338,0.345,0.341,0.195,90.8,17.9,36.5,34,8.4,9,,27.4,
Holt, Brock,571788,2021,33,235,49,13,1,2,49,23,18.8,8.8,0.209,0.298,0.281,0.579,0.089,5,,0.227,0.313,0.259,0.278,0.298,0.086,86.1,9.8,31,3,1.6,,,26.1,
Lamb, Jake,571875,2021,31,144,28,4,0,7,51,22,30.0,12.9,0.194,0.368,0.306,0.674,0.174,0,,0.213,0.384,0.298,0.313,0.322,0.171,90.6,18.3,34.7,11,11.6,-2,,26.0,
Muncy, Max,571970,2021,31,497,124,26,2,36,120,83,20.3,14.0,0.249,0.527,0.368,0.895,0.278,2,,0.268,0.572,0.379,0.405,0.384,0.303,91.2,15.2,34.9,61,16.1,,,26.7,
Myers, Wil,571976,2021,31,442,113,24,2,17,141,54,28.2,10.8,0.256,0.434,0.334,0.768,0.179,8,,0.216,0.364,0.330,0.294,0.299,0.148,88,10.6,31.5,23,7.5,2,,28.3,
Naquin, Tyler,571980,2021,30,411,111,24,2,19,106,35,23.3,7.7,0.270,0.477,0.333,0.809,0.207,5,,0.259,0.448,0.345,0.336,0.324,0.189,89.8,9.6,31.5,32,10.4,-5,,27.7,
Piscotty, Stephen,572039,2021,30,173,38,8,0,5,48,13,25.5,6.9,0.220,0.353,0.282,0.635,0.133,1,,0.221,0.369,0.279,0.289,0.283,0.148,86.1,17.5,32.8,11,8.8,-3,,25.8,
Pollock, AJ,572041,2021,34,384,114,27,1,21,80,30,19.0,7.1,0.297,0.536,0.355,0.892,0.240,9,,0.281,0.493,0.375,0.360,0.342,0.212,90.3,12,35,34,11.1,1,,27.8,
Seager, Kyle,572122,2021,34,603,128,29,1,35,161,59,24.0,8.8,0.212,0.438,0.285,0.723,0.226,3,,0.220,0.445,0.308,0.318,0.293,0.226,89,19.5,35.7,55,12.3,,,25.5,
Taylor, Michael A.,572191,2021,30,483,118,16,1,12,144,33,27.3,6.3,0.244,0.356,0.295,0.652,0.112,14,,0.242,0.381,0.286,0.298,0.294,0.140,89.4,12.1,30.6,23,6.6,15,6,28.2,
Voit III, Luke,572228,2021,30,213,51,7,1,11,74,21,30.7,8.7,0.239,0.437,0.328,0.764,0.197,0,,0.249,0.486,0.332,0.356,0.336,0.237,90.7,15.9,35.3,22,15.8,,,24.9,
Walker, Christian,572233,2021,30,401,98,23,1,10,106,38,23.8,8.5,0.244,0.382,0.315,0.696,0.137,0,,0.248,0.384,0.304,0.312,0.319,0.136,88.8,15.6,34,19,6.4,,,27.4,
Zunino, Mike,572287,2021,30,333,72,11,2,33,132,34,35.2,9.1,0.216,0.559,0.301,0.860,0.342,0,,0.216,0.523,0.359,0.352,0.302,0.306,90.7,23.2,31.7,49,24.3,,,26.0,
Carpenter, Matt,572761,2021,36,207,35,11,1,3,77,35,30.9,14.1,0.169,0.275,0.305,0.581,0.106,2,,0.224,0.422,0.269,0.342,0.351,0.198,90,21.1,45,15,11.5,,,25.7,
Dickerson, Corey,572816,2021,32,336,91,18,5,6,68,25,18.6,6.8,0.271,0.408,0.326,0.734,0.137,6,,0.247,0.372,0.317,0.300,0.304,0.125,87.8,10.1,29,8,3,2,,27.2,
Ruf, Darin,573131,2021,35,262,71,13,2,16,87,46,27.9,14.7,0.271,0.519,0.385,0.904,0.248,2,,0.256,0.498,0.384,0.375,0.372,0.242,93.1,9.7,40.9,25,14.2,-1,,25.9,
Yastrzemski, Mike,573262,2021,31,468,105,28,3,25,131,51,24.6,9.6,0.224,0.457,0.310,0.767,0.233,4,,0.218,0.421,0.326,0.314,0.305,0.203,89.5,19.4,33.1,35,10.3,7,1,27.3,
Contreras, Willson,575929,2021,29,413,98,20,0,21,138,52,28.6,10.8,0.237,0.438,0.340,0.778,0.201,5,,0.236,0.441,0.337,0.345,0.341,0.204,91.8,9.6,30.1,31,11.1,,,27.6,
Iglesias, Jose,578428,2021,31,483,131,27,2,9,75,21,14.7,4.1,0.271,0.391,0.309,0.701,0.120,5,,0.267,0.362,0.304,0.296,0.305,0.095,85.4,11.3,35.5,14,3.4,,2,28.3,
Torreyes, Ronald,591720,2021,29,318,77,10,1,7,41,19,11.9,5.5,0.242,0.346,0.282,0.628,0.104,2,,0.231,0.299,0.274,0.257,0.277,0.068,82.2,12.2,30.4,1,0.4,,,26.9,
Valera, Breyvic,591971,2021,29,87,22,6,0,1,12,8,12.4,8.2,0.253,0.356,0.309,0.666,0.103,1,,0.243,0.305,0.294,0.279,0.306,0.062,86,15.3,33.8,0,0,,,26.9,
Bryant, Kris,592178,2021,29,513,136,32,2,25,135,62,23.0,10.6,0.265,0.481,0.353,0.835,0.216,10,,0.256,0.438,0.356,0.342,0.345,0.182,88.2,15.1,37.1,39,10.3,-3,,27.9,
Canha, Mark,592192,2021,32,519,120,22,4,17,128,77,20.5,12.3,0.231,0.387,0.358,0.746,0.156,12,,0.229,0.374,0.333,0.332,0.357,0.145,87.3,13.5,36.1,28,7.1,3,,27.8,
Casali, Curt,592200,2021,33,200,42,11,1,5,66,26,28.6,11.3,0.210,0.350,0.312,0.662,0.140,0,,0.199,0.325,0.289,0.278,0.304,0.126,86.4,23.3,35.6,8,5.9,,,24.9,
Castellanos, Nick,592206,2021,29,531,164,38,1,34,121,41,20.7,7.0,0.309,0.576,0.362,0.939,0.267,3,,0.289,0.522,0.391,0.371,0.346,0.233,89.8,14,44,44,10.6,-6,,27.6,
Drury, Brandon,592273,2021,29,84,23,5,0,4,22,3,25.0,3.4,0.274,0.476,0.307,0.783,0.202,0,,0.200,0.332,0.333,0.249,0.237,0.132,89.7,11.7,24.2,4,6.5,,,26.4,
Gamel, Ben,592325,2021,29,340,84,18,3,8,105,51,26.3,12.8,0.247,0.388,0.345,0.733,0.141,3,,0.227,0.366,0.322,0.314,0.332,0.139,89,16.7,41.5,19,7.9,-8,,27.7,
Goodrum, Niko,592348,2021,29,290,62,11,2,9,107,29,32.9,8.9,0.214,0.359,0.292,0.651,0.145,14,,0.211,0.371,0.286,0.301,0.294,0.160,88,13.4,37.8,19,10.3,0,1,28.5,
Jones, JaCoby,592444,2021,29,100,17,2,0,2,42,5,40.0,4.8,0.170,0.250,0.210,0.460,0.080,2,,0.197,0.332,0.204,0.249,0.235,0.135,89.4,10.3,41.4,5,8.6,1,,27.4,
Judge, Aaron,592450,2021,29,550,158,24,0,39,158,75,25.0,11.8,0.287,0.544,0.373,0.916,0.256,6,,0.302,0.579,0.387,0.413,0.388,0.277,95.8,11.6,38.5,70,17.6,1,1,27.6,
Machado, Manny,592518,2021,29,564,157,31,2,28,102,63,15.9,9.8,0.278,0.489,0.347,0.836,0.211,12,,0.290,0.517,0.350,0.376,0.363,0.227,93.1,14,33.8,63,13.3,,,26.4,
Marmolejos, Jose,592530,2021,28,106,17,4,0,4,39,15,32.0,12.3,0.160,0.311,0.262,0.574,0.151,0,,0.183,0.342,0.256,0.279,0.282,0.159,89.4,22.7,30.9,7,10.3,-2,,25.7,
Moran, Colin,592567,2021,29,318,82,12,0,10,87,36,24.2,10.0,0.258,0.390,0.334,0.724,0.132,1,,0.242,0.383,0.318,0.311,0.320,0.142,89.1,7.2,34.2,19,8.1,,,23.9,
Pederson, Joc,592626,2021,29,429,102,19,3,18,117,39,24.3,8.1,0.238,0.422,0.310,0.732,0.184,2,,0.240,0.430,0.315,0.329,0.315,0.190,91,14.1,31.2,32,10.1,-5,,26.8,
Realmuto, J.T.,592663,2021,30,476,125,25,4,17,129,48,24.0,8.9,0.263,0.439,0.343,0.782,0.176,13,,0.249,0.406,0.336,0.325,0.332,0.157,89.6,11.5,31.2,30,8.6,,4,28.8,
Renfroe, Hunter,592669,2021,29,521,135,33,0,31,130,44,22.7,7.7,0.259,0.501,0.315,0.816,0.242,1,,0.257,0.495,0.344,0.351,0.317,0.239,90.1,15.6,32.7,57,14.4,-2,,27.3,
Rosario, Eddie,592696,2021,30,379,98,19,3,14,61,26,14.8,6.3,0.259,0.435,0.303,0.739,0.177,11,,0.250,0.414,0.316,0.314,0.299,0.164,88.5,15.5,34.3,19,5.9,-1,1,27.2,
Simmons, Andrelton,592743,2021,32,412,92,12,0,3,62,32,13.7,7.1,0.223,0.274,0.282,0.556,0.051,1,,0.229,0.279,0.252,0.260,0.289,0.050,84.1,3.9,29.1,2,0.6,,,26.2,
Wilkerson, Stevie,592859,2021,29,72,12,3,0,0,30,3,39.5,3.9,0.167,0.208,0.211,0.419,0.042,2,,0.152,0.202,0.190,0.183,0.197,0.050,85,4.5,33.3,0,0,,,27.0,
Yelich, Christian,592885,2021,30,399,99,19,2,9,113,70,23.8,14.7,0.248,0.373,0.362,0.736,0.125,9,,0.249,0.382,0.325,0.334,0.364,0.133,91,2.8,29.4,22,7.6,2,4,28.3,
Merrifield, Whit,593160,2021,32,664,184,42,3,10,103,40,14.3,5.6,0.277,0.395,0.317,0.711,0.117,40,,0.259,0.378,0.306,0.300,0.303,0.119,86.9,13.9,40,20,3.5,-1,1,28.6,
Bogaerts, Xander,593428,2021,29,529,156,34,1,23,113,62,18.7,10.3,0.295,0.493,0.370,0.863,0.198,5,,0.276,0.459,0.368,0.356,0.356,0.183,89.6,12.5,36.4,41,9.7,,1,27.7,
Rivas, Webster,593590,2021,31,68,15,2,0,2,16,8,20.8,10.4,0.221,0.338,0.299,0.637,0.118,0,,0.199,0.276,0.286,0.256,0.283,0.077,86.6,10.2,26.4,2,3.8,,,25.4,
Alberto, Hanser,593643,2021,29,241,65,20,3,2,26,4,10.2,1.6,0.270,0.402,0.286,0.689,0.133,4,,0.264,0.382,0.296,0.294,0.289,0.118,87.1,16.1,32.6,10,4.5,,,26.8,
Polanco, Jorge,593871,2021,28,588,158,35,2,33,118,45,18.3,7.0,0.269,0.503,0.323,0.826,0.235,11,,0.264,0.479,0.349,0.345,0.320,0.215,89.4,19.3,36.1,48,10.1,,8,28.0,
Sano, Miguel,593934,2021,28,470,105,24,0,30,183,59,34.4,11.1,0.223,0.466,0.312,0.778,0.243,2,,0.213,0.432,0.332,0.320,0.304,0.219,93.4,17.6,32.3,51,17.7,,,26.5,
Difo, Wilmer,594694,2021,29,219,59,7,3,4,54,20,22.5,8.3,0.269,0.384,0.329,0.713,0.114,1,,0.225,0.315,0.312,0.274,0.289,0.090,83.7,12.2,31.9,7,4.2,-2,7,28.6,
Calhoun, Kole,594777,2021,34,166,39,8,0,5,41,15,22.5,8.2,0.235,0.373,0.297,0.670,0.139,1,,0.220,0.383,0.292,0.293,0.285,0.163,88.5,17.3,38.1,8,6.3,-1,,24.7,
Duvall, Adam,594807,2021,33,513,117,17,2,38,174,35,31.4,6.3,0.228,0.491,0.281,0.772,0.263,5,,0.223,0.486,0.324,0.326,0.278,0.263,89.8,23.6,33.3,55,16.1,5,,28.5,
Eaton, Adam,594809,2021,33,254,51,10,2,6,71,22,24.7,7.6,0.201,0.327,0.278,0.605,0.126,3,,0.215,0.306,0.271,0.274,0.295,0.091,86.6,8.3,29.3,8,4.3,-1,,28.0,
Gosselin, Phil,594838,2021,33,345,90,14,0,7,81,24,21.7,6.4,0.261,0.362,0.314,0.676,0.101,4,,0.234,0.344,0.297,0.284,0.290,0.110,87.6,11.5,30.2,9,3.4,-4,17,29.2,
Kiermaier, Kevin,595281,2021,31,348,90,19,7,4,99,33,25.4,8.5,0.259,0.388,0.328,0.716,0.129,9,,0.227,0.310,0.310,0.279,0.303,0.083,86.6,1.1,29.6,10,4,12,6,29.2,
Knapp, Andrew,595284,2021,30,145,22,3,0,2,61,10,38.4,6.3,0.152,0.214,0.214,0.428,0.062,0,,0.171,0.270,0.196,0.229,0.234,0.099,86.2,13.1,27.9,3,3.5,,,27.4,
Alfaro, Jorge,595751,2021,28,295,72,15,1,4,99,11,31.8,3.5,0.244,0.342,0.283,0.625,0.098,8,,0.241,0.370,0.274,0.288,0.280,0.129,90.9,1.8,27.6,16,8.2,-2,,28.4,
Profar, Jurickson,595777,2021,28,353,80,17,2,4,65,49,15.8,11.9,0.227,0.320,0.328,0.648,0.093,10,,0.236,0.319,0.293,0.301,0.338,0.084,85.3,14,30.6,8,2.7,-6,,26.3,
Baez, Javier,595879,2021,29,502,133,18,2,31,184,28,33.6,5.1,0.265,0.494,0.318,0.812,0.229,18,,0.236,0.444,0.344,0.322,0.294,0.208,90.1,10.6,32.7,43,13.4,,2,28.6,
Cave, Jake,595909,2021,29,164,31,6,1,3,62,10,34.8,5.6,0.189,0.293,0.247,0.540,0.104,1,,0.216,0.326,0.241,0.268,0.273,0.111,87,8.4,38.8,6,5.8,-1,,27.9,
Evans, Phillip,595943,2021,29,214,44,5,0,5,53,28,21.5,11.3,0.206,0.299,0.312,0.611,0.093,1,,0.241,0.342,0.278,0.312,0.343,0.100,88.4,5.3,25.5,7,4.3,-4,,27.6,
Gallagher, Cam,595956,2021,29,112,28,6,0,1,20,8,16.1,6.5,0.250,0.330,0.290,0.621,0.080,0,,0.251,0.315,0.276,0.277,0.300,0.064,85.9,14.5,35.8,0,0,,,24.7,
Hedges, Austin,595978,2021,29,286,51,7,0,10,87,15,27.9,4.8,0.178,0.308,0.215,0.522,0.129,1,,0.193,0.284,0.227,0.228,0.234,0.091,85.7,18.9,27.8,8,3.8,,,24.5,
Lindor, Francisco,596019,2021,28,452,104,16,3,20,96,58,18.3,11.1,0.230,0.412,0.319,0.730,0.181,10,,0.249,0.441,0.317,0.341,0.341,0.192,90.7,14.4,35.6,30,8.2,,1,27.8,
Nogowski Jr., John,596056,2021,28,129,30,7,0,1,22,12,15.4,8.4,0.233,0.310,0.301,0.611,0.078,0,,0.240,0.311,0.273,0.279,0.307,0.071,88.1,15.6,38,0,0,,,25.1,
Odor, Rougned,596059,2021,27,322,65,12,0,15,100,27,27.7,7.5,0.202,0.379,0.285,0.664,0.177,0,,0.197,0.359,0.289,0.285,0.281,0.162,89.1,19.6,29.6,20,9,,,26.7,
Slater, Austin,596103,2021,29,274,66,12,1,12,84,28,27.5,9.2,0.241,0.423,0.320,0.744,0.182,15,,0.254,0.435,0.321,0.335,0.332,0.181,87.1,7.8,37.4,18,9.5,3,3,28.4,
Story, Trevor,596115,2021,29,526,132,34,5,24,139,53,23.4,8.9,0.251,0.471,0.329,0.801,0.221,20,,0.243,0.448,0.341,0.336,0.324,0.205,90.6,17.5,34.2,39,9.9,,17,28.7,
Vogelbach, Daniel,596129,2021,29,215,47,8,0,9,57,43,22.1,16.7,0.219,0.381,0.349,0.730,0.163,0,,0.234,0.378,0.323,0.332,0.361,0.143,91.4,11.7,33.5,13,8.2,,,24.3,
Sanchez, Gary,596142,2021,29,383,78,13,1,23,121,52,27.5,11.8,0.204,0.423,0.307,0.730,0.219,0,,0.226,0.445,0.314,0.335,0.326,0.219,89.5,20.5,34.4,36,13.7,,,25.3,
Kepler, Max,596146,2021,28,426,90,21,4,19,96,54,19.6,11.0,0.211,0.413,0.306,0.719,0.202,10,,0.251,0.442,0.309,0.345,0.344,0.191,89.8,16.3,35.3,36,10.8,8,,27.4,
Franco, Maikel,596748,2021,29,377,79,22,0,11,67,20,16.6,5.0,0.210,0.355,0.253,0.609,0.146,0,,0.223,0.339,0.263,0.269,0.268,0.116,88.2,9.1,28.1,16,5.1,,,25.0,
Garcia, Robel,596825,2021,28,106,16,3,0,1,42,8,35.9,6.8,0.151,0.208,0.214,0.421,0.057,0,,0.184,0.236,0.194,0.224,0.246,0.052,86.5,14.3,19.7,1,1.5,,,27.1,
Choi, Ji-Man,596847,2021,30,258,59,14,0,11,87,45,28.5,14.8,0.229,0.411,0.348,0.758,0.182,0,,0.236,0.419,0.334,0.342,0.353,0.183,91.2,14.8,39.2,16,9.4,,,25.4,
Bradley Jr., Jackie,598265,2021,31,387,63,14,3,6,132,28,30.8,6.5,0.163,0.261,0.236,0.497,0.098,7,,0.196,0.289,0.224,0.255,0.268,0.094,89.7,9.6,27.9,13,5,5,,27.2,
La Stella, Tommy,600303,2021,32,220,55,11,1,7,26,18,10.7,7.4,0.250,0.405,0.306,0.710,0.155,0,,0.278,0.455,0.307,0.341,0.334,0.177,88.9,13.5,36.9,12,6.2,,,24.9,
Severino, Pedro,600474,2021,28,379,94,18,0,11,109,34,26.0,8.1,0.248,0.383,0.308,0.690,0.135,0,,0.247,0.394,0.299,0.309,0.309,0.147,88.2,15.2,33.5,21,7.6,,,25.9,
Candelario, Jeimer,600869,2021,28,557,151,42,3,16,135,65,21.6,10.4,0.271,0.443,0.351,0.795,0.172,0,,0.276,0.456,0.344,0.355,0.355,0.181,88.7,12.6,38.6,38,9,,,27.2,
Daza, Yonathan,602074,2021,27,301,85,12,2,2,60,21,18.1,6.3,0.282,0.355,0.326,0.682,0.073,2,,0.256,0.329,0.304,0.289,0.310,0.073,85.2,6.6,32.3,5,2,3,,28.3,
Urias, Ramon,602104,2021,27,262,73,14,0,7,76,28,25.7,9.5,0.279,0.412,0.361,0.774,0.134,1,,0.266,0.416,0.341,0.341,0.350,0.151,89.6,5.2,34.4,18,9.7,,,27.0,
Rondon, Jose,602922,2021,27,80,21,3,0,3,17,8,18.9,8.9,0.263,0.413,0.322,0.735,0.150,2,,0.236,0.354,0.316,0.296,0.303,0.117,86.1,19.6,35.4,3,4.6,,,27.6,
Ahmed, Nick,605113,2021,31,434,96,30,3,5,104,34,22.0,7.2,0.221,0.339,0.279,0.618,0.118,7,,0.205,0.286,0.269,0.248,0.266,0.081,87.2,10.1,27.9,8,2.4,,1,27.8,
Anderson, Brian,605119,2021,28,233,58,9,0,7,65,26,24.6,9.8,0.249,0.378,0.337,0.715,0.129,5,,0.213,0.366,0.314,0.297,0.305,0.154,88.8,11.3,33.9,13,7.7,,,27.0,
Barnes, Austin,605131,2021,32,200,43,8,0,6,56,20,24.9,8.9,0.215,0.345,0.298,0.643,0.130,1,,0.211,0.309,0.285,0.275,0.296,0.098,85.2,13.5,29.7,6,4.1,,,26.9,
Bell, Josh,605137,2021,29,498,130,24,1,27,101,65,17.8,11.4,0.261,0.476,0.347,0.823,0.215,0,,0.272,0.474,0.352,0.361,0.358,0.202,92.5,4.9,28.5,35,8.8,,,26.2,
Betts, Mookie,605141,2021,29,466,123,29,3,23,86,68,15.6,12.4,0.264,0.487,0.367,0.854,0.223,10,,0.258,0.436,0.365,0.354,0.365,0.178,90.3,18.9,34,30,7.8,-1,,27.1,
Caratini, Victor,605170,2021,28,313,71,9,0,7,82,35,23.0,9.8,0.227,0.323,0.309,0.632,0.096,2,,0.226,0.348,0.273,0.289,0.312,0.122,90,8.4,31.5,16,6.8,,,24.9,
Davis, J.D.,605204,2021,28,179,51,12,0,5,68,24,32.2,11.4,0.285,0.436,0.384,0.820,0.151,1,,0.247,0.404,0.357,0.339,0.354,0.158,89.7,13.2,37.2,14,12.4,,,26.9,
Garcia, Aramis,605244,2021,28,88,18,1,0,3,28,1,29.8,1.1,0.205,0.318,0.234,0.552,0.114,0,,0.189,0.288,0.244,0.227,0.224,0.099,88.5,9.7,27.4,3,4.8,,,25.8,
Panik, Joe,605412,2021,31,236,49,9,0,3,34,17,13.2,6.6,0.208,0.284,0.265,0.548,0.076,2,,0.238,0.323,0.244,0.275,0.294,0.086,86.5,9.7,33.8,3,1.5,,,26.2,
Perez, Michael,605421,2021,29,210,30,8,1,7,68,19,29.4,8.2,0.143,0.290,0.221,0.511,0.148,0,,0.170,0.298,0.225,0.242,0.246,0.128,85.7,10.2,29.6,9,6.3,,,25.1,
Zimmer, Bradley,605548,2021,29,299,68,9,1,8,122,30,35.1,8.6,0.227,0.344,0.325,0.669,0.117,15,,0.219,0.361,0.300,0.313,0.322,0.142,90.7,7,30.4,17,9.4,8,21,29.4,
Castro, Harold,605612,2021,28,315,89,13,1,3,72,14,21.2,4.1,0.283,0.359,0.307,0.666,0.076,1,,0.286,0.410,0.291,0.314,0.314,0.125,88.6,10.2,44,8,3.2,,,26.2,
Arcia, Orlando,606115,2021,27,81,16,3,0,2,19,7,21.3,7.9,0.198,0.309,0.258,0.567,0.111,1,,0.197,0.302,0.245,0.249,0.260,0.105,88.2,8.9,27,2,3.2,-1,,26.8,
Tapia, Raimel,606132,2021,27,487,133,26,2,6,70,40,13.1,7.5,0.273,0.372,0.326,0.698,0.099,20,,0.246,0.314,0.305,0.279,0.303,0.068,85.7,-4.4,19.9,9,2.1,3,7,28.3,
Aquino, Aristides,606157,2021,27,174,33,6,1,10,75,27,36.8,13.2,0.190,0.408,0.299,0.707,0.218,2,,0.185,0.384,0.303,0.299,0.297,0.199,89,22.9,31.7,15,14.9,-2,,28.3,
Hernandez, Teoscar,606192,2021,29,550,163,29,0,32,148,36,24.9,6.1,0.296,0.524,0.346,0.870,0.227,12,,0.279,0.523,0.369,0.365,0.330,0.245,91.8,13.1,37.4,56,13.9,1,12,28.5,
Mercedes, Yermin,606213,2021,28,240,65,9,1,7,46,20,17.6,7.6,0.271,0.404,0.328,0.732,0.133,0,,0.245,0.411,0.317,0.311,0.305,0.166,87.3,15.8,35.4,14,7.2,,,26.4,
Peraza, Jose,606299,2021,27,142,29,7,0,6,26,9,16.9,5.8,0.204,0.380,0.266,0.647,0.176,1,,0.210,0.330,0.280,0.269,0.271,0.120,85.6,20.8,31,5,4.3,,,27.6,
Marte, Ketel,606466,2021,28,340,108,29,1,14,60,31,16.0,8.3,0.318,0.532,0.377,0.909,0.215,2,,0.303,0.487,0.385,0.370,0.366,0.184,91.1,10.3,33.5,25,8.9,-4,,26.7,
Greiner, Grayson,606988,2021,29,72,17,4,0,1,31,9,37.8,11.0,0.236,0.333,0.317,0.650,0.097,0,,0.168,0.255,0.293,0.239,0.260,0.088,85.4,15.4,31,2,4.8,,,26.5,
Haase, Eric,606992,2021,29,351,81,12,1,22,119,26,31.2,6.8,0.231,0.459,0.286,0.745,0.228,2,,0.232,0.455,0.316,0.321,0.289,0.222,90.9,16,35.9,32,13.7,0,,27.9,
Nimmo, Brandon,607043,2021,28,325,95,17,3,8,79,54,20.5,14.0,0.292,0.437,0.399,0.836,0.145,5,,0.267,0.381,0.370,0.345,0.380,0.114,89.3,8.8,34.3,10,4,5,10,28.9,
Peterson, Jace,607054,2021,31,259,64,11,1,6,68,38,22.5,12.6,0.247,0.367,0.348,0.714,0.120,10,,0.233,0.362,0.318,0.318,0.338,0.129,87.7,12,34.2,10,5.2,-1,2,28.1,
Turner, Trea,607208,2021,28,595,195,34,3,28,110,41,17.0,6.3,0.328,0.536,0.375,0.911,0.208,32,,0.296,0.471,0.386,0.359,0.348,0.175,89.6,11.4,34.6,36,7.4,,147,30.7,
Smith, Kevan,607345,2021,33,95,16,3,0,0,31,10,29.2,9.4,0.168,0.200,0.245,0.445,0.032,0,,0.185,0.239,0.196,0.219,0.263,0.053,87.5,5.7,26.6,1,1.6,,,25.4,
Beaty, Matt,607461,2021,28,204,55,4,1,7,44,20,18.8,8.5,0.270,0.402,0.363,0.765,0.132,2,,0.233,0.343,0.339,0.307,0.331,0.110,86.7,12.3,26.9,6,3.8,-6,1,27.1,
Blandino, Alex,607468,2021,29,70,14,4,0,0,28,8,34.1,9.8,0.200,0.257,0.317,0.574,0.057,1,,0.174,0.247,0.270,0.259,0.295,0.073,85.4,13.6,33.3,0,0,,,25.0,
Pillar, Kevin,607680,2021,32,325,75,11,2,15,81,11,23.3,3.2,0.231,0.415,0.277,0.692,0.185,4,,0.221,0.362,0.296,0.277,0.268,0.141,85.8,20.2,34.7,18,7.3,0,1,27.6,
Stallings, Jacob,607732,2021,32,374,92,20,1,8,85,49,19.9,11.5,0.246,0.369,0.335,0.704,0.123,0,,0.243,0.366,0.312,0.314,0.334,0.123,88.1,10.7,37.1,13,4.5,,,24.1,
Ramirez, Jose,608070,2021,29,552,147,32,5,36,87,72,13.7,11.3,0.266,0.538,0.355,0.893,0.272,27,,0.278,0.496,0.372,0.372,0.368,0.218,90,18.3,33.4,52,11.1,,4,28.2,
Bregman, Alex,608324,2021,27,348,94,17,0,12,53,44,13.3,11.0,0.270,0.422,0.355,0.777,0.152,1,,0.258,0.409,0.336,0.330,0.345,0.151,89,15.9,33.8,19,6.4,,,25.7,
Gallo, Joey,608336,2021,28,498,99,13,1,38,213,111,34.6,18.0,0.199,0.458,0.351,0.808,0.259,6,,0.199,0.453,0.348,0.351,0.350,0.255,91.5,22.7,29.4,53,18.5,7,,27.4,
Kelly, Carson,608348,2021,27,304,73,11,1,13,74,44,20.6,12.3,0.240,0.411,0.343,0.754,0.171,0,,0.250,0.422,0.328,0.343,0.354,0.171,88.3,18.9,37.9,20,8.5,,,25.5,
Seager, Corey,608369,2021,27,353,108,22,3,16,66,48,16.1,11.7,0.306,0.521,0.394,0.915,0.215,1,,0.292,0.523,0.389,0.391,0.384,0.230,91,10.7,36.6,36,12.4,,,26.5,
Winker, Jesse,608385,2021,28,423,129,32,1,24,75,53,15.5,10.9,0.305,0.556,0.394,0.949,0.251,1,,0.292,0.515,0.403,0.388,0.383,0.222,90.6,10.8,38.2,39,11.2,-6,,25.8,
Mazara, Nomar,608577,2021,26,165,35,5,2,3,45,15,24.9,8.3,0.212,0.321,0.276,0.597,0.109,0,,0.209,0.335,0.264,0.270,0.274,0.126,90.4,11.1,33.1,9,7.4,0,,26.4,
Murphy, Tom,608596,2021,30,277,56,8,0,11,99,40,30.5,12.3,0.202,0.350,0.302,0.652,0.148,0,,0.193,0.343,0.291,0.291,0.299,0.150,88.6,15.9,30.9,16,8.8,,,27.0,
Jankowski, Travis,608671,2021,30,131,33,6,2,1,29,22,18.5,14.0,0.252,0.351,0.357,0.708,0.099,5,,0.222,0.285,0.312,0.283,0.338,0.063,85.2,6.9,26,2,1.9,2,4,28.7,
Mayfield, Jack,608686,2021,31,266,58,15,0,10,68,17,23.4,5.9,0.218,0.387,0.269,0.656,0.169,5,,0.186,0.311,0.284,0.247,0.243,0.124,85.3,16.8,28.2,13,6.4,,,27.2,
Plawecki, Kevin,608700,2021,30,157,45,7,0,3,26,12,15.0,6.9,0.287,0.389,0.347,0.735,0.102,0,,0.256,0.424,0.325,0.328,0.321,0.167,87.3,13.4,34.1,8,6.1,,,25.4,
Refsnyder, Rob,608701,2021,30,139,34,7,0,2,40,17,25.5,10.8,0.245,0.338,0.325,0.663,0.094,1,,0.259,0.427,0.296,0.336,0.337,0.168,89.2,9.3,40,7,7,2,,27.3,
Mondesi, Adalberto,609275,2021,26,126,29,8,1,6,43,6,31.6,4.4,0.230,0.452,0.265,0.717,0.222,15,,0.229,0.463,0.306,0.314,0.269,0.234,92.3,16.1,29.1,11,12.8,,8,28.5,
Andujar, Miguel,609280,2021,26,154,39,2,0,6,28,7,17.3,4.3,0.253,0.383,0.284,0.667,0.130,0,,0.262,0.404,0.288,0.305,0.292,0.142,87.1,6.1,31.5,7,5.5,-2,,27.6,
Vosler, Jason,613564,2021,28,73,13,4,0,3,21,7,25.6,8.5,0.178,0.356,0.256,0.612,0.178,2,,0.212,0.392,0.261,0.293,0.287,0.180,88.5,18.6,28.3,5,9.4,,,26.4,
Cordero, Franchy,614173,2021,27,127,24,6,0,1,51,8,37.5,5.9,0.189,0.260,0.235,0.495,0.071,1,,0.192,0.291,0.222,0.238,0.240,0.099,88.6,7.7,33.8,4,5.2,0,1,28.6,
Reyes, Franmil,614177,2021,26,418,106,18,2,30,149,43,32.0,9.2,0.254,0.522,0.324,0.846,0.268,4,,0.243,0.504,0.354,0.350,0.316,0.261,92,9.7,31.3,46,16.9,,,26.1,
Torrens, Luis,620443,2021,25,346,84,16,2,15,99,28,26.2,7.4,0.243,0.431,0.299,0.730,0.188,0,,0.240,0.418,0.311,0.313,0.299,0.178,90.9,6.1,34.4,26,10.4,,,26.8,
Robertson, Daniel,621002,2021,27,73,12,2,0,2,28,12,31.1,13.3,0.164,0.274,0.300,0.574,0.110,0,,0.177,0.277,0.265,0.278,0.317,0.100,82.9,10.4,31.9,3,6.4,,,26.5,
Martin Jr., Richie,621006,2021,27,98,23,2,0,1,28,4,26.7,3.8,0.235,0.286,0.267,0.552,0.051,0,,0.213,0.269,0.246,0.237,0.250,0.056,85.8,8.3,30.6,0,0,,10,29.4,
Schrock, Max,621011,2021,27,125,36,7,2,3,24,8,17.9,6.0,0.288,0.448,0.328,0.776,0.160,1,,0.263,0.366,0.329,0.294,0.306,0.103,85,18.5,40.2,3,2.9,0,,27.2,
Swanson, Dansby,621020,2021,27,588,146,33,2,27,167,52,25.6,8.0,0.248,0.449,0.311,0.760,0.201,9,,0.246,0.445,0.322,0.328,0.312,0.198,89.3,14.1,36.8,49,11.4,,4,28.3,
Newman, Kevin,621028,2021,28,517,117,22,3,5,41,27,7.4,4.9,0.226,0.309,0.262,0.571,0.083,6,,0.255,0.330,0.249,0.277,0.293,0.075,85.3,9.9,32,8,1.6,,,28.4,
Taylor, Chris,621035,2021,31,507,129,25,4,20,167,63,28.7,10.8,0.254,0.438,0.344,0.782,0.183,13,,0.234,0.414,0.338,0.327,0.327,0.181,88.2,17.4,38.1,35,10.2,0,1,28.8,
Correa, Carlos,621043,2021,27,555,155,34,1,26,116,75,18.1,11.7,0.279,0.485,0.366,0.850,0.205,0,,0.293,0.475,0.364,0.371,0.378,0.182,90.2,12.1,33.5,42,9.4,,,26.9,
Buehler, Walker,621111,2021,27,69,7,2,0,0,45,5,54.9,6.1,0.101,0.130,0.146,0.277,0.029,0,,0.079,0.108,0.140,0.123,0.141,0.029,85.7,-7.6,12.5,0,0,,,24.7,
Dahl, David,621311,2021,27,205,43,11,0,4,59,10,26.8,4.5,0.210,0.322,0.245,0.567,0.112,2,,0.243,0.392,0.246,0.295,0.281,0.149,88.1,11.5,37.3,10,6.7,-2,,27.7,
Phillips, Brett,621433,2021,27,253,52,9,4,13,113,33,38.7,11.3,0.206,0.427,0.298,0.725,0.221,14,,0.175,0.348,0.313,0.279,0.275,0.173,89.6,17.8,31.9,16,11.1,11,1,28.5,
Taylor, Tyrone,621438,2021,27,243,60,9,3,12,59,20,21.8,7.4,0.247,0.457,0.321,0.778,0.210,6,,0.236,0.394,0.333,0.313,0.312,0.158,88.6,16,29.7,14,7.6,4,5,28.6,
Buxton, Byron,621439,2021,28,235,72,23,0,19,62,13,24.4,5.1,0.306,0.647,0.358,1.005,0.340,10,,0.292,0.594,0.419,0.400,0.345,0.302,92.5,13.3,35.3,31,17.9,8,32,30.0,
Brinson, Lewis,621446,2021,27,274,62,14,0,9,72,13,24.8,4.5,0.226,0.376,0.262,0.638,0.150,1,,0.239,0.364,0.275,0.283,0.276,0.125,88.5,14,29.9,13,6.4,1,1,28.6,
Duggar, Steven,621453,2021,28,268,69,14,5,8,88,27,29.6,9.1,0.257,0.437,0.330,0.767,0.179,7,,0.229,0.399,0.327,0.306,0.304,0.170,88,15.2,40,15,8.3,2,3,28.5,
Stewart, DJ,621466,2021,28,270,55,10,0,12,89,44,28.0,13.8,0.204,0.374,0.324,0.698,0.170,0,,0.206,0.379,0.310,0.315,0.326,0.173,87.8,19.7,29.3,17,9.4,-6,,26.7,
Ward, Taylor,621493,2021,28,208,52,15,0,8,55,20,23.2,8.4,0.250,0.438,0.329,0.767,0.188,1,,0.256,0.444,0.333,0.342,0.337,0.188,89.6,16.4,39.1,16,10.3,-1,1,28.3,
Nido, Tomas,621512,2021,27,153,34,5,1,3,44,5,27.3,3.1,0.222,0.327,0.261,0.588,0.105,1,,0.244,0.397,0.254,0.292,0.282,0.152,88.7,10,42.2,7,6.4,,,25.6,
Wisdom, Patrick,621550,2021,30,338,78,13,0,28,153,32,40.8,8.5,0.231,0.518,0.304,0.822,0.287,4,,0.214,0.453,0.346,0.320,0.289,0.239,91.2,19.1,39.5,30,16.2,-2,,28.1,
Wendle, Joey,621563,2021,31,460,122,31,4,11,113,28,22.6,5.6,0.265,0.422,0.319,0.741,0.157,8,,0.234,0.346,0.317,0.281,0.291,0.112,87.9,6.2,30.6,16,4.6,,,27.9,
Olson, Matt,621566,2021,27,565,153,35,0,39,113,88,16.8,13.1,0.271,0.540,0.371,0.911,0.269,4,,0.261,0.499,0.379,0.377,0.371,0.238,91.6,16.2,32.4,59,12.7,,,25.9,
Jones, Taylor,622100,2021,28,102,25,8,1,2,29,4,26.9,3.7,0.245,0.402,0.269,0.670,0.157,0,,0.206,0.320,0.283,0.245,0.236,0.114,90.6,12.8,32,5,6.7,,,26.3,
Duffy, Matt,622110,2021,30,289,83,12,0,5,63,25,19.6,7.8,0.287,0.381,0.357,0.738,0.093,8,,0.273,0.382,0.327,0.326,0.345,0.109,87.5,7.5,40.5,9,4,,,26.4,
Margot, Manuel,622534,2021,27,421,107,18,3,10,70,37,15.1,8.0,0.254,0.382,0.313,0.695,0.128,13,,0.265,0.390,0.301,0.316,0.324,0.125,87.9,10.7,31.5,18,5.1,17,15,28.6,
Reyes, Pablo,622569,2021,28,78,20,5,0,1,15,9,17.2,10.3,0.256,0.359,0.333,0.692,0.103,4,,0.225,0.318,0.303,0.278,0.305,0.093,87.1,15,28.6,2,3.2,,,27.8,
Reyes, Victor,622682,2021,27,209,54,10,4,5,55,8,25.0,3.6,0.258,0.416,0.282,0.698,0.158,5,,0.251,0.395,0.298,0.293,0.278,0.143,89.5,6.6,37.6,13,8.3,-1,4,28.8,
Mateo, Jorge,622761,2021,26,194,48,11,1,4,55,9,26.3,4.3,0.247,0.376,0.292,0.668,0.129,10,,0.241,0.352,0.291,0.284,0.287,0.111,85.4,14.1,33.3,8,5.7,1,40,30.4,
Bote, David,623520,2021,28,291,58,10,2,8,73,27,22.3,8.3,0.199,0.330,0.275,0.605,0.131,0,,0.228,0.389,0.268,0.309,0.305,0.162,89.9,9.8,27.5,22,9.9,,,27.2,
Ramirez, Harold,623912,2021,27,339,91,21,1,7,56,14,15.5,3.9,0.268,0.398,0.305,0.703,0.130,3,,0.264,0.391,0.302,0.304,0.301,0.127,91.3,6.2,24.5,18,6.3,-4,7,28.6,
Santander, Anthony,623993,2021,27,406,98,24,0,18,101,23,23.1,5.3,0.241,0.433,0.285,0.719,0.192,1,,0.266,0.438,0.307,0.326,0.311,0.172,90.7,18,34.5,26,8.4,-6,,26.1,
Alonso, Pete,624413,2021,27,561,147,27,3,37,127,60,19.9,9.4,0.262,0.519,0.344,0.863,0.257,3,,0.267,0.529,0.363,0.373,0.349,0.262,91,14.7,34.5,65,14.8,,,26.0,
Arroyo, Christian,624414,2021,26,164,43,12,0,6,44,8,24.3,4.4,0.262,0.445,0.320,0.766,0.183,1,,0.232,0.386,0.332,0.301,0.296,0.154,86.3,9.4,35.5,9,7.4,,,27.9,
Biggio, Cavan,624415,2021,26,250,56,10,1,7,78,37,26.5,12.6,0.224,0.356,0.320,0.676,0.132,3,,0.203,0.321,0.298,0.281,0.304,0.118,88.9,15.6,32.8,10,5.6,-2,,28.3,
Conforto, Michael,624424,2021,28,406,94,20,0,14,104,59,21.7,12.3,0.232,0.384,0.344,0.729,0.153,1,,0.249,0.428,0.322,0.348,0.361,0.179,88.5,13.2,32.9,28,9.2,1,,27.0,
Frazier, Adam,624428,2021,30,577,176,36,5,5,69,48,10.8,7.5,0.305,0.411,0.366,0.777,0.106,10,,0.286,0.372,0.341,0.322,0.351,0.086,85.4,12.6,38.9,5,1,,,27.1,
Trevino, Jose,624431,2021,29,285,68,14,0,5,57,12,18.9,4.0,0.239,0.340,0.265,0.605,0.102,1,,0.248,0.368,0.261,0.284,0.279,0.121,87.5,9.5,33.5,10,4.3,,,24.5,
Gordon, Nick,624503,2021,26,200,48,9,1,4,55,12,25.5,5.6,0.240,0.355,0.292,0.647,0.115,10,,0.261,0.409,0.283,0.315,0.311,0.149,91.2,9.4,35.6,10,6.8,-3,,27.9,
McGuire, Reese,624512,2021,26,198,50,15,0,1,44,15,20.3,6.9,0.253,0.343,0.309,0.652,0.091,0,,0.237,0.327,0.289,0.281,0.298,0.090,87.5,13.4,39.7,4,2.6,,,26.3,
Nunez, Dom,624513,2021,26,228,43,12,3,10,91,34,34.6,12.9,0.189,0.399,0.293,0.692,0.211,0,,0.168,0.301,0.294,0.257,0.276,0.134,86,21.9,39.1,13,9.4,,,25.3,
Soler, Jorge,624585,2021,29,516,115,27,0,27,142,67,23.6,11.1,0.223,0.432,0.312,0.744,0.209,0,,0.246,0.483,0.323,0.356,0.337,0.238,91.2,15.7,30.9,48,12.7,-6,,26.8,
Sosa, Edmundo,624641,2021,25,288,78,8,4,6,63,17,19.3,5.2,0.271,0.389,0.344,0.732,0.118,4,,0.259,0.382,0.322,0.321,0.336,0.122,86.7,6,28.9,9,3.9,,34,29.7,
Heredia, Guillermo,628338,2021,30,305,67,26,0,5,81,32,23.3,9.2,0.220,0.354,0.311,0.665,0.134,0,,0.219,0.335,0.292,0.290,0.311,0.116,86.6,12.5,35.6,9,4,6,,27.8,
Hernandez, Yadiel,628450,2021,34,264,72,8,1,9,59,22,20.4,7.6,0.273,0.413,0.329,0.742,0.140,3,,0.237,0.391,0.320,0.300,0.297,0.155,89.6,5.1,31.4,12,5.8,-5,,25.3,
Ibanez, Andy,628451,2021,28,253,70,15,2,7,35,15,12.9,5.5,0.277,0.435,0.320,0.755,0.158,0,,0.261,0.406,0.325,0.315,0.308,0.146,88.8,15.5,35.5,16,7.3,,,28.0,
Cronenworth, Jake,630105,2021,27,567,151,33,7,21,90,55,14.0,8.6,0.266,0.460,0.336,0.796,0.194,4,,0.276,0.438,0.341,0.345,0.350,0.162,88.6,12.5,35.8,35,7.2,,5,28.5,
Frazier, Clint,640449,2021,27,183,34,9,0,5,65,32,29.8,14.7,0.186,0.317,0.317,0.633,0.131,2,,0.205,0.346,0.289,0.310,0.332,0.142,86.9,13.9,28.8,12,10.2,-8,,27.1,
Meadows, Austin,640457,2021,26,518,121,29,3,27,122,59,20.6,10.0,0.234,0.458,0.315,0.772,0.224,5,,0.237,0.416,0.327,0.324,0.321,0.179,89.3,21.7,36.1,35,8.7,-4,,27.5,
Mercado, Oscar,640458,2021,27,214,48,11,1,6,42,21,17.6,8.8,0.224,0.369,0.298,0.667,0.145,7,,0.213,0.318,0.294,0.275,0.289,0.105,86.2,16.2,24.9,7,4,2,2,28.9,
Pinder, Chad,640461,2021,29,214,52,16,1,6,62,16,26.6,6.9,0.243,0.411,0.300,0.712,0.168,1,,0.257,0.494,0.307,0.350,0.315,0.238,92.6,7.4,36.6,25,16.3,-2,,26.6,
Anderson, Tim,641313,2021,28,527,163,29,2,17,119,22,21.6,4.0,0.309,0.469,0.338,0.806,0.159,18,,0.274,0.431,0.345,0.320,0.304,0.157,89.6,4.3,32.5,32,7.8,,32,28.0,
Bauers, Jake,641343,2021,26,282,59,7,0,4,78,30,24.8,9.5,0.209,0.277,0.289,0.565,0.067,6,,0.230,0.355,0.257,0.296,0.309,0.124,88.1,20,36.3,11,5.4,0,,27.5,
Bellinger, Cody,641355,2021,26,315,52,9,2,10,94,31,26.9,8.9,0.165,0.302,0.240,0.542,0.137,3,,0.204,0.346,0.237,0.277,0.277,0.142,89.3,22.2,33.5,16,7.1,3,1,28.1,
Calhoun, Willie,641432,2021,27,260,65,10,3,6,34,21,12.0,7.4,0.250,0.381,0.310,0.691,0.131,0,,0.273,0.398,0.301,0.322,0.331,0.125,90.2,14.9,28.6,8,3.5,-2,,26.1,
Collins, Zack,641470,2021,26,195,41,13,0,4,69,34,29.9,14.7,0.210,0.338,0.329,0.667,0.128,1,,0.216,0.383,0.299,0.319,0.335,0.167,91.1,20.9,40.9,13,10.2,,,25.2,
Crawford, J.P.,641487,2021,26,619,169,37,0,9,114,58,16.6,8.4,0.273,0.376,0.338,0.714,0.103,3,,0.256,0.336,0.314,0.297,0.324,0.080,86.3,9.8,34.3,12,2.4,,,27.5,
Davis, Jonathan,641505,2021,29,87,11,1,0,1,26,12,25.2,11.7,0.126,0.172,0.252,0.425,0.046,4,,0.193,0.303,0.210,0.285,0.309,0.110,85.1,7.7,25.8,4,6.5,2,,28.8,
Dozier, Hunter,641531,2021,30,487,105,27,6,16,154,43,28.4,7.9,0.216,0.394,0.285,0.680,0.179,5,,0.222,0.382,0.293,0.298,0.293,0.160,89.9,15.8,33,30,8.8,-7,,28.2,
Engel, Adam,641553,2021,30,123,31,9,0,7,31,11,22.1,7.9,0.252,0.496,0.336,0.832,0.244,7,,0.257,0.421,0.354,0.339,0.343,0.164,86.8,14.4,38.7,8,8.6,4,14,29.7,
Fraley, Jake,641584,2021,26,214,45,7,0,9,71,46,26.8,17.4,0.210,0.369,0.351,0.720,0.159,10,,0.227,0.357,0.322,0.336,0.369,0.130,85.3,12.1,38.4,9,6.2,1,,27.7,
Garver, Mitch,641598,2021,30,207,53,15,0,13,71,31,29.2,12.8,0.256,0.517,0.358,0.875,0.261,1,,0.252,0.536,0.372,0.384,0.358,0.284,92.3,19,38.4,24,17.4,,,25.6,
Guillorme, Luis,641645,2021,27,132,35,3,0,1,23,23,14.7,14.7,0.265,0.311,0.372,0.682,0.045,0,,0.237,0.312,0.311,0.302,0.350,0.075,86.4,4.7,34.5,1,0.9,,,25.9,
Hampson, Garrett,641658,2021,27,453,106,21,6,11,118,33,23.9,6.7,0.234,0.380,0.287,0.667,0.146,17,,0.232,0.365,0.288,0.288,0.288,0.133,87,13,34.7,17,5,7,67,29.9,
Heim, Jonah,641680,2021,26,265,52,13,0,10,58,15,20.4,5.3,0.196,0.358,0.239,0.597,0.162,3,,0.229,0.368,0.256,0.284,0.274,0.139,87.1,15.5,34.6,13,6.2,,,26.0,
Lewis, Kyle,641786,2021,26,130,32,4,0,5,37,16,25.2,10.9,0.246,0.392,0.333,0.726,0.146,2,,0.250,0.467,0.320,0.349,0.336,0.218,89.7,16.8,45.2,13,14,0,,27.7,
Locastro, Tim,641796,2021,29,139,25,4,0,2,33,7,21.2,4.5,0.180,0.252,0.263,0.515,0.072,5,,0.207,0.268,0.237,0.259,0.288,0.061,82.1,14.3,32.7,1,0.9,0,36,30.7,
Mancini III, Trey,641820,2021,29,556,142,33,1,21,143,51,23.2,8.3,0.255,0.432,0.326,0.758,0.176,0,,0.264,0.445,0.326,0.339,0.334,0.181,88.9,9.7,36,43,10.4,,,26.6,
Martin, Jason,641829,2021,26,144,30,3,0,6,41,8,26.6,5.2,0.208,0.354,0.247,0.601,0.146,3,,0.222,0.369,0.260,0.276,0.262,0.147,87.5,11.4,33.3,8,7.6,1,,27.5,
McKinney, Billy,641856,2021,27,265,51,11,3,9,79,32,26.3,10.7,0.192,0.358,0.280,0.638,0.166,2,,0.210,0.352,0.277,0.288,0.297,0.142,88.1,17.6,30.9,12,6.4,2,,27.6,
McMahon, Ryan,641857,2021,27,528,134,32,1,23,147,59,24.7,9.9,0.254,0.449,0.331,0.779,0.195,6,,0.242,0.420,0.334,0.324,0.321,0.178,90.5,14.3,40.2,28,7.3,,,26.2,
O'Neill, Tyler,641933,2021,26,482,138,26,2,34,168,38,31.3,7.1,0.286,0.560,0.352,0.912,0.274,15,,0.274,0.570,0.384,0.389,0.343,0.296,93,17.8,39.9,57,17.9,3,38,29.7,
Sisco, Chance,642082,2021,26,74,11,3,0,0,21,7,25.3,8.4,0.149,0.189,0.241,0.430,0.041,0,,0.152,0.211,0.205,0.215,0.244,0.059,83.7,13.8,24.5,1,1.9,,,24.9,
Smith, Dominic,642086,2021,26,446,109,20,0,11,112,32,22.7,6.5,0.244,0.363,0.304,0.667,0.119,2,,0.262,0.416,0.291,0.324,0.322,0.154,89,14.9,40.3,22,6.5,-9,,26.2,
Tellez, Rowdy,642133,2021,26,297,72,14,2,11,65,23,20.0,7.1,0.242,0.414,0.305,0.719,0.172,0,,0.261,0.460,0.306,0.336,0.323,0.199,92.2,13.4,35.6,27,11.6,,,25.1,
Valaika, Pat,642162,2021,29,259,52,8,0,5,76,16,27.0,5.7,0.201,0.290,0.249,0.539,0.089,1,,0.212,0.332,0.238,0.265,0.263,0.120,86.8,19.8,40.6,9,4.8,,,27.0,
VanMeter, Josh,642165,2021,26,274,58,17,2,6,83,33,26.8,10.6,0.212,0.354,0.297,0.651,0.142,3,,0.200,0.314,0.287,0.272,0.287,0.114,89.3,19.6,30.1,10,5.2,,,26.9,
Wade, Tyler,642180,2021,27,127,34,5,1,0,37,16,25.5,11.0,0.268,0.323,0.352,0.675,0.055,17,,0.194,0.241,0.304,0.248,0.289,0.047,82.2,5.3,24.4,1,1.1,1,6,29.1,
White, Eli,642201,2021,27,198,35,6,1,6,66,18,30.0,8.2,0.177,0.308,0.259,0.567,0.131,4,,0.175,0.290,0.253,0.251,0.257,0.115,85.5,15.6,31.1,9,6.8,6,37,30.5,
Williams, Justin,642211,2021,26,119,19,0,0,4,46,17,33.6,12.4,0.160,0.261,0.270,0.531,0.101,0,,0.237,0.397,0.229,0.314,0.338,0.160,92.1,3.9,37,8,11,-1,,27.0,
Mejia, Francisco,642336,2021,26,250,65,15,3,6,49,17,17.7,6.1,0.260,0.416,0.321,0.737,0.156,0,,0.229,0.341,0.320,0.285,0.295,0.112,85.7,14.9,34.8,9,4.4,,,27.0,
Sierra, Magneuris,642423,2021,25,209,48,6,1,0,50,15,22.2,6.7,0.230,0.268,0.280,0.548,0.038,11,,0.223,0.260,0.239,0.239,0.275,0.037,82.3,7.7,26.3,0,0,2,20,28.9,
Rosario, Amed,642708,2021,26,550,155,25,6,11,120,31,20.4,5.3,0.282,0.409,0.321,0.731,0.127,13,,0.261,0.361,0.315,0.297,0.304,0.100,88.8,5.6,32,12,2.8,0,67,29.5,
Adames, Willy,642715,2021,26,497,130,32,1,25,156,57,28.1,10.3,0.262,0.481,0.337,0.818,0.219,5,,0.234,0.429,0.349,0.323,0.312,0.196,89.5,16.8,35.1,39,11.4,,,28.0,
Gutierrez, Kelvin,642721,2021,27,272,63,8,3,3,76,19,25.8,6.4,0.232,0.316,0.292,0.608,0.085,0,,0.214,0.300,0.270,0.261,0.276,0.085,89.9,2.3,27.6,7,3.6,,12,28.3,
Alcantara, Sergio,642727,2021,25,220,45,6,3,5,74,30,29.0,11.8,0.205,0.327,0.302,0.629,0.123,3,,0.205,0.291,0.279,0.272,0.305,0.086,87.5,10.5,32.9,5,3.4,,1,27.2,
Estrada, Thairo,642731,2021,25,121,33,4,0,7,23,9,17.4,6.8,0.273,0.479,0.333,0.813,0.207,2,,0.238,0.419,0.346,0.313,0.301,0.181,86.6,6.7,33.7,7,7.1,,,28.5,
Leyba, Domingo,642736,2021,26,87,10,1,0,1,23,8,24.0,8.3,0.115,0.161,0.198,0.359,0.046,0,,0.187,0.261,0.172,0.242,0.263,0.074,80.9,13.8,32.8,3,4.7,,,26.4,
Wynns, Austin,642851,2021,31,130,24,4,0,4,31,8,22.3,5.8,0.185,0.308,0.230,0.538,0.123,1,,0.198,0.286,0.236,0.238,0.244,0.089,83.6,10.7,24,3,3,,,25.1,
Benintendi, Andrew,643217,2021,27,493,136,27,2,17,97,36,18.0,6.7,0.276,0.442,0.323,0.766,0.166,8,,0.258,0.446,0.328,0.328,0.310,0.188,89.6,15.4,38.5,36,8.9,1,,27.6,
Cooper, Garrett,643265,2021,31,215,61,10,1,9,68,30,27.2,12.0,0.284,0.465,0.380,0.845,0.181,1,,0.268,0.454,0.367,0.361,0.367,0.186,91.1,8.2,36.5,16,10.8,-4,,26.1,
Dubon, Mauricio,643289,2021,27,175,42,9,0,5,41,9,21.9,4.8,0.240,0.377,0.278,0.655,0.137,3,,0.223,0.349,0.278,0.268,0.266,0.126,86.1,14.9,30.1,6,4.4,2,,27.9,
Jansen, Danny,643376,2021,26,184,41,13,0,11,44,17,21.5,8.3,0.223,0.473,0.298,0.770,0.250,0,,0.239,0.449,0.329,0.331,0.314,0.210,90,20.5,34.8,12,8.5,,,27.6,
Kemp, Tony,643393,2021,30,330,92,16,3,8,51,52,12.8,13.1,0.279,0.418,0.378,0.796,0.139,8,,0.246,0.339,0.351,0.317,0.355,0.094,86.7,18.4,38.9,3,1,2,,26.6,
Kiner-Falefa, Isiah,643396,2021,26,635,172,25,3,8,90,28,13.3,4.1,0.271,0.357,0.312,0.669,0.087,20,,0.265,0.348,0.293,0.292,0.308,0.083,85.5,5.4,31.6,10,1.8,,,28.0,
Long Jr., Shed,643418,2021,26,111,22,4,1,4,39,9,32.2,7.4,0.198,0.360,0.256,0.617,0.162,1,,0.200,0.312,0.268,0.256,0.260,0.112,87.6,1.7,24.7,3,4.1,-3,,26.5,
McNeil, Jeff,643446,2021,29,386,97,19,1,7,58,29,13.6,6.8,0.251,0.360,0.319,0.679,0.109,3,,0.252,0.378,0.301,0.311,0.320,0.125,88.1,12,30.4,14,4.3,1,,27.0,
Schwindel, Frank,643524,2021,29,242,79,20,1,14,41,16,15.8,6.2,0.326,0.591,0.371,0.962,0.264,2,,0.266,0.440,0.403,0.326,0.314,0.174,86.9,12.6,32.8,16,8,,,26.2,
Tauchman, Mike,643565,2021,31,166,30,5,0,4,58,23,30.4,12.0,0.181,0.283,0.283,0.566,0.102,3,,0.191,0.293,0.260,0.270,0.293,0.102,87.5,10,36.7,6,5.5,4,1,27.3,
Chang, Yu,644374,2021,26,237,54,14,3,9,69,11,27.5,4.4,0.228,0.426,0.267,0.693,0.198,1,,0.230,0.373,0.294,0.281,0.269,0.143,87.1,19.1,37.9,12,7.1,,,28.3,
Albies, Ozzie,645277,2021,24,629,163,40,7,30,128,47,18.7,6.9,0.259,0.488,0.310,0.799,0.229,20,,0.255,0.453,0.336,0.328,0.308,0.198,89.6,21.1,37,47,9.3,,21,28.4,
Robles, Victor,645302,2021,24,315,64,21,1,2,85,33,23.0,8.9,0.203,0.295,0.306,0.601,0.092,8,,0.213,0.310,0.275,0.287,0.318,0.097,84.1,19.9,31.9,6,2.6,2,20,28.3,
Devers, Rafael,646240,2021,25,591,165,37,1,38,143,62,21.5,9.3,0.279,0.538,0.352,0.890,0.259,5,,0.286,0.553,0.373,0.389,0.361,0.267,92.9,13.1,35.2,68,15,,,26.8,
Naylor, Josh,647304,2021,24,233,59,13,0,7,45,14,18.0,5.6,0.253,0.399,0.300,0.699,0.146,1,,0.249,0.407,0.302,0.307,0.298,0.157,89.8,9,31.4,14,7.4,0,,26.2,
Toro, Abraham,647351,2021,25,335,80,12,0,11,54,31,14.4,8.3,0.239,0.373,0.315,0.688,0.134,6,,0.243,0.404,0.303,0.319,0.318,0.161,86.8,13.7,29.7,21,7.4,,,28.1,
Diaz, Aledmys,649557,2021,31,294,76,19,0,8,62,16,19.4,5.0,0.259,0.405,0.317,0.721,0.146,0,,0.264,0.403,0.311,0.317,0.322,0.139,88.7,13.6,34.1,15,6.5,0,,27.1,
Urias, Luis,649966,2021,24,490,122,25,1,23,116,63,20.4,11.1,0.249,0.445,0.342,0.787,0.196,5,,0.239,0.420,0.340,0.332,0.337,0.181,87.9,14.2,34.9,35,9.3,,,26.5,
Diaz, Lewin,650331,2021,25,122,25,4,1,8,33,6,25.8,4.7,0.205,0.451,0.242,0.693,0.246,0,,0.220,0.437,0.288,0.294,0.256,0.217,88.3,20.7,34.8,9,10.1,,,25.5,
Arraez, Luis,650333,2021,24,428,126,17,6,2,48,43,10.0,9.0,0.294,0.376,0.357,0.733,0.082,2,,0.291,0.403,0.321,0.333,0.355,0.112,88.4,9.9,41.5,9,2.3,-1,,26.8,
Jimenez, Eloy,650391,2021,25,213,53,10,0,10,57,16,24.7,6.9,0.249,0.437,0.303,0.740,0.188,0,,0.243,0.435,0.317,0.320,0.300,0.192,90.5,8.4,29.9,17,10.8,2,,27.5,
Torres, Gleyber,650402,2021,25,459,119,22,0,9,104,50,20.2,9.7,0.259,0.366,0.329,0.695,0.107,14,,0.261,0.417,0.307,0.330,0.333,0.156,87.1,14.2,37.1,28,7.8,,,27.0,
Castro, Willi,650489,2021,24,413,91,15,6,9,109,23,24.2,5.1,0.220,0.351,0.271,0.622,0.131,9,,0.241,0.355,0.271,0.287,0.293,0.114,85.6,11.4,35.2,16,5.2,-1,,28.7,
Diaz, Yandy,650490,2021,30,465,119,20,1,13,85,69,15.7,12.8,0.256,0.387,0.353,0.740,0.131,1,,0.251,0.392,0.325,0.331,0.351,0.141,89.9,6.6,28.9,27,7,,,26.5,
De La Cruz, Bryan,650559,2021,25,199,59,7,2,5,53,18,24.2,8.2,0.296,0.427,0.356,0.783,0.131,1,,0.251,0.359,0.339,0.300,0.315,0.109,88.4,11.1,35.4,8,5.4,0,1,28.2,
Rengifo, Luis,650859,2021,24,174,35,1,0,6,38,9,20.0,4.7,0.201,0.310,0.242,0.552,0.109,1,,0.236,0.389,0.244,0.292,0.279,0.153,85.8,11.7,29.8,9,6.4,-1,,28.1,
Pozo, Yohel,650968,2021,24,74,21,4,0,1,10,3,13.0,3.9,0.284,0.378,0.312,0.690,0.095,0,,0.277,0.385,0.300,0.301,0.305,0.108,87.7,14.6,35.9,2,3.1,,,25.1,
Adams, Riley,656180,2021,25,99,22,8,1,2,40,15,33.3,12.5,0.222,0.384,0.358,0.742,0.162,0,,0.195,0.357,0.332,0.316,0.336,0.162,88.4,11.7,44.1,8,13.6,,,26.3,
Bradley, Bobby,656252,2021,25,245,51,10,0,16,99,25,35.5,9.0,0.208,0.445,0.294,0.739,0.237,0,,0.221,0.455,0.314,0.328,0.305,0.234,89,12,37.6,25,16.8,,,27.0,
Chapman, Matt,656305,2021,28,529,111,15,3,27,202,80,32.5,12.9,0.210,0.403,0.314,0.716,0.193,3,,0.207,0.414,0.311,0.320,0.312,0.207,89.7,18.6,32.1,46,13.7,,1,28.1,
Chavis, Michael,656308,2021,26,121,30,7,1,3,42,1,33.9,0.8,0.248,0.397,0.258,0.655,0.149,1,,0.224,0.336,0.277,0.249,0.235,0.112,89.7,8.1,37.5,4,5,,,28.7,
Diaz, Isan,656371,2021,25,238,46,9,0,4,73,34,26.3,12.2,0.193,0.282,0.291,0.573,0.088,1,,0.201,0.303,0.252,0.270,0.303,0.101,88.7,9.6,27.6,7,4.1,,,25.8,
Ellis, Drew,656403,2021,26,69,9,2,0,1,27,10,32.5,12.0,0.130,0.203,0.277,0.480,0.072,0,,0.136,0.194,0.230,0.231,0.281,0.058,81.8,23.1,26.2,1,2.4,,1,27.0,
Hill, Derek,656537,2021,26,139,36,3,3,3,42,10,28.0,6.7,0.259,0.388,0.313,0.702,0.129,6,,0.241,0.343,0.305,0.286,0.297,0.102,86.9,9.2,40.2,5,5.2,3,36,30.5,
Hilliard, Sam,656541,2021,27,214,46,7,2,14,87,23,36.6,9.7,0.215,0.463,0.294,0.757,0.248,5,,0.211,0.431,0.318,0.309,0.291,0.220,89.8,12,32.3,19,15,1,8,28.9,
Hoskins, Rhys,656555,2021,28,389,96,29,0,27,108,47,24.4,10.6,0.247,0.530,0.334,0.864,0.283,3,,0.247,0.553,0.364,0.376,0.334,0.307,91.2,21.7,36.7,48,17,,,26.4,
Jackson, Alex,656577,2021,26,131,18,4,0,3,73,13,48.3,8.6,0.137,0.237,0.252,0.488,0.099,0,,0.130,0.226,0.227,0.222,0.246,0.096,89.6,20.7,32.8,4,6.9,,,26.9,
Joe, Connor,656582,2021,29,179,51,9,0,8,41,26,19.4,12.3,0.285,0.469,0.379,0.848,0.184,0,,0.282,0.459,0.366,0.370,0.380,0.177,88.2,14.6,39.7,14,9.9,-1,,27.0,
Luplow, Jordan,656669,2021,28,163,33,8,0,11,57,28,29.5,14.5,0.202,0.454,0.326,0.780,0.252,1,,0.185,0.386,0.337,0.312,0.312,0.201,86.8,23.1,28.3,11,10.4,-1,,27.6,
McKinstry, Zach,656716,2021,26,158,34,9,0,7,50,10,29.1,5.8,0.215,0.405,0.262,0.667,0.190,1,,0.208,0.360,0.282,0.267,0.258,0.153,88.4,13.7,36,9,8.1,-1,,27.9,
Mullins II, Cedric,656775,2021,27,602,175,37,5,30,125,59,18.5,8.7,0.291,0.518,0.359,0.877,0.228,30,,0.269,0.440,0.372,0.343,0.342,0.171,89.4,14.8,35.7,39,8.1,11,19,28.5,
O'Hearn, Ryan,656811,2021,28,236,53,5,1,9,71,13,28.0,5.1,0.225,0.369,0.268,0.636,0.144,0,,0.232,0.390,0.274,0.292,0.278,0.157,90.8,14.3,33.3,14,8.3,-1,,27.8,
Peters, DJ,656847,2021,26,223,44,9,1,13,82,12,34.2,5.0,0.197,0.422,0.242,0.663,0.224,2,,0.195,0.368,0.272,0.268,0.248,0.172,87.5,16.4,30.6,16,11.1,4,3,29.0,
Rivera, Emmanuel,656896,2021,25,90,23,4,0,1,21,8,21.4,8.2,0.256,0.333,0.316,0.650,0.078,2,,0.277,0.374,0.289,0.316,0.336,0.097,91.1,7.2,36.2,1,1.4,,,27.4,
Schwarber, Kyle,656941,2021,28,399,106,19,0,32,127,64,27.0,13.6,0.266,0.554,0.374,0.928,0.288,1,,0.262,0.551,0.392,0.395,0.372,0.290,92.3,15.4,36.9,48,17.5,-6,,26.8,
Smith, Pavin,656976,2021,25,498,133,27,4,11,106,42,19.4,7.7,0.267,0.404,0.328,0.732,0.137,1,,0.258,0.401,0.318,0.318,0.321,0.143,87.2,9,33.6,20,5.1,-3,,26.5,
Thomas, Lane,657041,2021,26,226,53,15,2,7,63,37,23.9,14.0,0.235,0.412,0.341,0.752,0.177,7,,0.230,0.370,0.328,0.317,0.337,0.140,91,12.3,31.7,12,7.3,-3,11,29.0,
Tucker, Cole,657061,2021,25,117,26,4,2,2,33,13,25.2,9.9,0.222,0.342,0.298,0.640,0.120,2,,0.224,0.303,0.282,0.275,0.300,0.079,86.7,8.5,27.1,2,2.4,,,27.6,
Verdugo, Alex,657077,2021,25,544,157,32,2,13,96,51,15.9,8.4,0.289,0.426,0.351,0.777,0.138,6,,0.283,0.439,0.334,0.340,0.347,0.156,90,7.7,34.9,33,7.3,-6,,27.0,
White, Evan,657108,2021,25,97,14,3,0,2,31,6,29.8,5.8,0.144,0.237,0.202,0.439,0.093,0,,0.189,0.291,0.197,0.240,0.244,0.102,85.2,19.6,30.3,3,4.5,,,28.0,
DeJong, Paul,657557,2021,28,356,70,10,1,19,103,35,25.6,8.7,0.197,0.390,0.284,0.674,0.194,4,,0.209,0.408,0.293,0.310,0.295,0.199,86.3,16.4,33.3,27,10.6,,,27.5,
Laureano, Ramon,657656,2021,27,341,84,21,2,14,98,27,25.9,7.1,0.246,0.443,0.317,0.760,0.196,12,,0.243,0.451,0.327,0.333,0.314,0.208,87.9,11.9,37.7,26,10.7,-1,,27.6,
Sheets, Gavin,657757,2021,25,160,40,8,0,11,40,16,22.3,8.9,0.250,0.506,0.324,0.830,0.256,0,,0.244,0.441,0.352,0.335,0.322,0.198,90.4,11.7,30.6,12,9.9,-2,,26.7,
Fuentes, Joshua,658069,2021,28,271,61,11,1,7,65,12,22.9,4.2,0.225,0.351,0.257,0.608,0.125,0,,0.201,0.275,0.261,0.227,0.235,0.075,85.2,18.3,28,5,2.4,,,27.6,
Olivares, Edward,658668,2021,25,101,24,2,0,5,19,5,17.1,4.5,0.238,0.406,0.288,0.694,0.168,2,,0.232,0.384,0.301,0.296,0.287,0.151,87.3,7.9,25,5,6,-2,4,29.3,
Moncada, Yoan,660162,2021,26,520,137,33,1,14,157,84,25.5,13.6,0.263,0.412,0.375,0.787,0.148,3,,0.255,0.412,0.347,0.348,0.368,0.158,90.1,11.3,40,30,8.2,,9,27.7,
Ohtani, Shohei,660271,2021,27,537,138,26,8,46,189,96,29.6,15.0,0.257,0.592,0.372,0.965,0.335,26,,0.264,0.597,0.393,0.406,0.380,0.333,93.6,16.8,35.4,78,22.3,,7,28.8,
Tsutsugo, Yoshi,660294,2021,30,230,50,12,1,8,72,29,27.5,11.1,0.217,0.383,0.305,0.688,0.165,0,,0.193,0.340,0.302,0.281,0.286,0.148,89.6,17.1,28.7,11,6.9,-5,,26.2,
Arauz, Jonathan,660620,2021,23,65,12,3,0,3,15,8,20.0,10.7,0.185,0.369,0.267,0.636,0.185,0,,0.194,0.304,0.282,0.266,0.282,0.110,85.9,17.3,23.1,2,3.8,,,27.0,
Hernandez, Yonny,660634,2021,23,143,31,5,0,0,32,17,19.3,10.2,0.217,0.252,0.313,0.565,0.035,11,,0.248,0.293,0.265,0.296,0.342,0.045,83.1,4.1,39.8,1,0.9,,,26.8,
Acuna Jr., Ronald,660670,2021,24,297,84,19,1,24,85,49,23.6,13.6,0.283,0.596,0.394,0.990,0.313,17,,0.291,0.593,0.412,0.427,0.405,0.303,93.8,18.2,39.6,44,20.3,1,21,29.4,
Ruiz, Keibert,660688,2021,23,88,24,3,0,3,9,6,9.4,6.3,0.273,0.409,0.333,0.742,0.136,0,,0.261,0.373,0.325,0.309,0.322,0.112,86,18.6,30.4,2,2.5,,,25.6,
Sanchez, Jesus,660821,2021,24,227,57,8,2,14,78,20,31.1,8.0,0.251,0.489,0.319,0.808,0.238,0,,0.241,0.468,0.339,0.332,0.311,0.228,90.2,8.7,38,19,12.7,2,,27.8,
Park, Hoy,660829,2021,25,128,25,5,2,3,38,18,25.3,12.0,0.195,0.336,0.293,0.629,0.141,1,,0.212,0.334,0.279,0.291,0.312,0.122,85.9,15.8,29.3,6,6.5,,,28.3,
Contreras, William,661388,2021,24,163,35,4,1,8,54,19,29.2,10.3,0.215,0.399,0.303,0.701,0.184,0,,0.228,0.412,0.303,0.318,0.314,0.184,92.5,8.2,28.2,12,10.9,,,27.0,
Varsho, Daulton,662139,2021,25,284,70,17,2,11,67,30,21.3,9.5,0.246,0.437,0.317,0.754,0.190,6,,0.245,0.422,0.322,0.321,0.317,0.177,87.7,18,31.7,16,7.3,4,2,28.4,
Nootbaar, Lars,663457,2021,24,109,26,3,1,5,28,13,22.6,10.5,0.239,0.422,0.315,0.737,0.183,2,,0.209,0.339,0.316,0.282,0.293,0.130,89.1,12.1,24.1,4,4.8,2,,28.4,
Hoerner, Nico,663538,2021,24,149,45,10,0,0,25,17,14.7,10.0,0.302,0.369,0.382,0.751,0.067,5,,0.273,0.351,0.330,0.316,0.358,0.077,87,7.7,31.2,2,1.6,,3,28.8,
Riley, Austin,663586,2021,24,590,179,33,1,33,168,52,25.4,7.9,0.303,0.531,0.367,0.898,0.227,0,,0.277,0.500,0.379,0.363,0.344,0.223,90.2,14.1,36.3,57,13.3,,,27.8,
Madrigal, Nick,663611,2021,24,200,61,10,4,2,17,11,7.9,5.1,0.305,0.425,0.349,0.774,0.120,1,,0.259,0.321,0.335,0.286,0.309,0.063,85.5,1.7,27.7,2,1.1,,,28.1,
Larnach, Trevor,663616,2021,24,260,58,12,0,7,104,31,34.6,10.3,0.223,0.350,0.322,0.672,0.127,1,,0.209,0.368,0.300,0.304,0.310,0.159,90,13.1,34.8,15,9.5,0,,26.5,
Mountcastle, Ryan,663624,2021,24,534,136,23,1,33,161,41,27.5,7.0,0.255,0.487,0.309,0.796,0.232,4,,0.243,0.451,0.335,0.326,0.301,0.208,89.1,16.3,38.9,45,11.8,-6,,28.1,
McKenna, Ryan,663630,2021,24,169,31,6,1,2,74,24,37.6,12.2,0.183,0.266,0.289,0.556,0.083,1,,0.197,0.300,0.259,0.279,0.304,0.103,86.5,11.6,40.2,7,7.2,4,2,29.3,
Hayes, Ke'Bryan,663647,2021,24,362,93,20,2,6,87,31,22.0,7.8,0.257,0.373,0.316,0.689,0.116,9,,0.244,0.360,0.301,0.295,0.304,0.116,90.2,2.6,27.4,14,5.1,,1,27.8,
Tucker, Kyle,663656,2021,24,506,149,37,3,30,90,53,15.9,9.3,0.294,0.557,0.358,0.915,0.263,14,,0.300,0.564,0.383,0.394,0.366,0.263,91.4,17.6,42,49,11.6,4,,27.3,
Cameron, Daz,663662,2021,24,103,20,5,0,4,38,10,33.0,8.7,0.194,0.359,0.278,0.637,0.165,6,,0.199,0.348,0.281,0.282,0.282,0.149,88.7,11.9,36.9,5,7.7,-1,,28.2,
India, Jonathan,663697,2021,25,532,143,34,2,21,141,71,22.3,11.3,0.269,0.459,0.376,0.834,0.190,12,,0.255,0.434,0.363,0.354,0.365,0.179,87.6,13,33.6,38,9.6,,1,28.5,
Raleigh, Cal,663728,2021,25,139,25,12,0,2,52,7,35.1,4.7,0.180,0.309,0.223,0.532,0.129,0,,0.177,0.288,0.231,0.228,0.223,0.110,88,17.1,37.5,6,6.8,,,27.0,
Grisham, Trent,663757,2021,25,462,112,28,3,15,119,54,22.6,10.2,0.242,0.413,0.326,0.740,0.171,13,,0.236,0.357,0.320,0.305,0.324,0.120,88.8,12.3,31,18,5.2,6,9,28.8,
Vierling, Matt,663837,2021,25,71,23,3,1,2,20,4,26.0,5.2,0.324,0.479,0.364,0.843,0.155,2,,0.289,0.408,0.356,0.322,0.332,0.119,91.5,6.3,30.8,2,3.8,,9,29.2,
Stephenson, Tyler,663886,2021,25,350,100,21,0,10,75,41,18.7,10.2,0.286,0.431,0.366,0.797,0.146,0,,0.254,0.384,0.346,0.322,0.340,0.130,88.4,7.4,36.1,15,5.4,,,26.9,
Williams, Luke,663897,2021,25,98,24,4,0,1,23,10,21.3,9.3,0.245,0.316,0.315,0.631,0.071,2,,0.224,0.276,0.283,0.265,0.296,0.052,84.7,3.2,24,0,0,2,3,28.9,
Rodgers, Brendan,663898,2021,25,387,110,21,3,15,84,19,20.2,4.6,0.284,0.470,0.328,0.798,0.186,0,,0.250,0.407,0.341,0.309,0.297,0.157,88.8,6.3,30.5,19,6.2,,,26.8,
Lowe, Nathaniel,663993,2021,26,557,147,24,3,18,162,80,25.2,12.5,0.264,0.415,0.357,0.771,0.151,8,,0.233,0.395,0.337,0.321,0.330,0.162,90.8,5,31.4,38,9.5,,,27.3,
Happ, Ian,664023,2021,27,465,105,20,1,25,156,62,29.2,11.6,0.226,0.434,0.321,0.756,0.209,9,,0.218,0.394,0.328,0.316,0.317,0.176,89.5,9.9,31.1,35,11.2,-4,,27.7,
France, Ty,664034,2021,27,571,166,32,1,18,106,46,16.3,7.1,0.291,0.445,0.368,0.813,0.154,0,,0.268,0.428,0.353,0.344,0.351,0.160,88.5,11,35.9,32,6.8,,,25.3,
Lowe, Brandon,664040,2021,27,535,132,31,0,39,167,68,27.2,11.1,0.247,0.523,0.340,0.863,0.277,7,,0.246,0.488,0.363,0.357,0.340,0.243,89.3,16.9,37.2,52,14,-1,,27.6,
Bader, Harrison,664056,2021,27,367,98,21,1,16,85,27,21.2,6.7,0.267,0.460,0.324,0.785,0.193,9,,0.228,0.386,0.331,0.292,0.289,0.159,86.2,13.3,27.1,20,7,14,32,29.5,
Stevenson, Andrew,664057,2021,27,192,44,6,0,5,61,13,28.6,6.1,0.229,0.339,0.291,0.630,0.109,1,,0.237,0.366,0.274,0.295,0.302,0.130,89.6,8.4,28.4,8,6,0,9,29.3,
Fletcher, David,664058,2021,27,626,164,27,3,2,60,31,9.0,4.7,0.262,0.324,0.295,0.619,0.062,15,,0.268,0.316,0.273,0.279,0.303,0.048,82.3,8.4,30.4,0,0,,,27.7,
Haggerty, Sam,664059,2021,27,86,16,3,0,2,28,6,29.8,6.4,0.186,0.291,0.245,0.535,0.105,5,,0.216,0.366,0.240,0.284,0.275,0.150,87.5,7.6,35.6,3,5.1,-1,2,29.5,
Moore, Dylan,664238,2021,29,332,60,11,2,12,111,40,29.4,10.6,0.181,0.334,0.276,0.610,0.154,21,,0.200,0.338,0.271,0.285,0.293,0.139,86.5,20.4,33.3,19,8.6,5,,28.4,
Garlick, Kyle,664247,2021,29,99,23,8,0,5,32,6,29.9,5.6,0.232,0.465,0.280,0.745,0.232,1,,0.243,0.501,0.314,0.340,0.293,0.259,88.4,20.1,36.8,9,13.2,-1,,26.8,
Straw, Myles,664702,2021,27,564,153,29,1,4,121,67,19.0,10.5,0.271,0.348,0.348,0.695,0.076,30,,0.256,0.330,0.311,0.303,0.336,0.074,87.1,11.9,42.4,6,1.3,13,50,29.3,
Isbel, Kyle,664728,2021,24,76,21,5,2,1,23,7,27.7,8.4,0.276,0.434,0.337,0.772,0.158,2,,0.203,0.288,0.333,0.254,0.270,0.085,87.3,19,32.1,2,3.8,1,,28.2,
Bohm, Alec,664761,2021,25,380,94,15,0,7,111,31,26.6,7.4,0.247,0.342,0.305,0.647,0.095,4,,0.260,0.389,0.285,0.313,0.318,0.128,92,5.6,33.3,18,6.6,,,27.8,
Wade Jr., LaMonte,664774,2021,27,336,85,17,3,18,89,33,23.4,8.7,0.253,0.482,0.323,0.805,0.229,6,,0.254,0.467,0.343,0.345,0.329,0.213,90.1,19.8,37.8,27,10.6,0,,26.5,
Tom, Ka'ai,664789,2021,27,108,15,2,1,2,36,17,27.1,12.8,0.139,0.231,0.278,0.510,0.093,1,,0.190,0.273,0.239,0.286,0.327,0.083,84.2,9.5,32,3,4,-2,,28.1,
Mazeika, Patrick,664850,2021,28,79,15,3,0,1,18,4,20.7,4.6,0.190,0.266,0.253,0.519,0.076,0,,0.187,0.264,0.228,0.234,0.255,0.077,87,12.2,29,1,1.6,,,25.8,
Zavala, Seby,664874,2021,28,93,17,3,0,5,41,6,39.4,5.8,0.183,0.376,0.231,0.607,0.194,0,,0.141,0.274,0.265,0.212,0.201,0.133,88,16.2,30.4,5,8.9,,,25.7,
Mendick, Danny,664901,2021,28,164,36,5,0,2,42,18,22.6,9.7,0.220,0.287,0.301,0.588,0.067,0,,0.203,0.272,0.268,0.258,0.288,0.070,84.1,13.7,29,2,1.6,,,26.6,
Brown, Seth,664913,2021,29,281,60,13,1,20,89,23,29.0,7.5,0.214,0.480,0.274,0.754,0.267,4,,0.222,0.453,0.315,0.315,0.283,0.230,88.9,20.9,33.5,27,13.9,6,,28.1,
Walsh, Jared,665120,2021,28,530,147,34,1,29,152,48,26.0,8.2,0.277,0.509,0.340,0.850,0.232,2,,0.253,0.426,0.357,0.324,0.319,0.173,89.6,7.8,33.6,43,11.3,0,,27.0,
Maton, Nick,665155,2021,24,117,30,7,1,2,39,10,29.8,7.6,0.256,0.385,0.321,0.705,0.128,2,,0.224,0.330,0.309,0.280,0.295,0.105,87.8,17.3,37.5,5,6.3,,,27.2,
Tatis Jr., Fernando,665487,2021,22,478,135,31,0,42,153,62,28.0,11.4,0.282,0.611,0.364,0.975,0.328,25,,0.276,0.604,0.403,0.404,0.360,0.328,93.9,13.8,33.1,70,21.3,-1,22,29.3,
Guerrero Jr., Vladimir,665489,2021,22,604,188,29,1,48,110,86,15.8,12.3,0.311,0.601,0.401,1.002,0.290,4,,0.303,0.580,0.419,0.414,0.395,0.278,95.1,9.4,33.7,75,15.1,,,26.8,
Soto, Juan,665742,2021,23,502,157,20,2,29,93,145,14.2,22.2,0.313,0.534,0.465,0.999,0.221,9,,0.300,0.533,0.420,0.425,0.458,0.234,93,5.8,29.7,55,13.3,5,,27.0,
Taveras, Leody,665750,2021,23,174,28,6,2,3,60,9,32.4,4.9,0.161,0.270,0.205,0.476,0.109,10,,0.208,0.308,0.209,0.251,0.251,0.100,87.2,7,28.7,7,6.1,5,27,29.7,
Chisholm Jr., Jazz,665862,2021,23,464,115,20,4,18,145,34,28.6,6.7,0.248,0.425,0.302,0.726,0.177,23,,0.233,0.400,0.312,0.303,0.291,0.167,90.2,9,29,29,9,,50,29.1,
Gimenez, Andres,665926,2021,23,188,41,10,0,5,54,11,25.7,5.2,0.218,0.351,0.281,0.632,0.133,11,,0.207,0.309,0.277,0.263,0.273,0.103,86.3,9,23.2,5,3.6,,17,29.0,
Kirilloff, Alex,666135,2021,24,215,54,11,1,8,52,14,22.5,6.1,0.251,0.423,0.299,0.722,0.172,1,,0.288,0.532,0.307,0.366,0.333,0.244,91,7,39,21,12.8,-2,,27.4,
Lux, Gavin,666158,2021,24,335,81,12,4,7,83,41,21.8,10.8,0.242,0.364,0.328,0.692,0.122,4,,0.258,0.379,0.303,0.321,0.342,0.121,89.8,11.3,34.6,10,3.9,-2,5,29.1,
Rortvedt, Ben,666163,2021,24,89,15,1,0,3,29,6,29.6,6.1,0.169,0.281,0.224,0.505,0.112,0,,0.203,0.337,0.227,0.267,0.261,0.133,84.6,13.7,25.8,4,6.5,,,26.7,
Adell, Jo,666176,2021,22,130,32,5,2,4,32,8,22.9,5.7,0.246,0.408,0.293,0.701,0.162,2,,0.252,0.405,0.303,0.312,0.301,0.153,86.2,10.1,27.3,9,9.1,0,23,29.9,
Bichette, Bo,666182,2021,23,640,191,30,1,29,137,40,19.9,5.8,0.298,0.484,0.343,0.828,0.186,25,,0.287,0.480,0.354,0.353,0.333,0.192,91.4,7.3,33.5,50,9.9,,,28.0,
Carlson, Dylan,666185,2021,23,542,144,31,4,18,152,57,24.6,9.2,0.266,0.437,0.342,0.780,0.172,2,,0.243,0.397,0.336,0.318,0.325,0.154,88.2,15.1,40.6,28,7,-4,,28.0,
Kieboom, Carter,666198,2021,24,217,45,6,0,6,62,25,24.9,10.0,0.207,0.318,0.301,0.619,0.111,0,,0.232,0.347,0.275,0.302,0.324,0.115,85.3,7.4,28.7,6,3.8,,,27.4,
Trammell, Taylor,666211,2021,24,156,25,7,0,8,75,17,42.1,9.6,0.160,0.359,0.253,0.612,0.199,2,,0.140,0.258,0.270,0.231,0.238,0.118,85.9,14.9,30.1,6,7.2,2,,28.0,
Castro, Rodolfo,666801,2021,22,86,17,2,0,5,27,6,29.0,6.5,0.198,0.395,0.258,0.653,0.198,0,,0.215,0.376,0.281,0.286,0.274,0.161,89,8.6,25.4,6,10.2,,,27.4,
Dalbec, Bobby,666915,2021,26,417,100,21,5,25,156,28,34.4,6.2,0.240,0.494,0.298,0.792,0.254,2,,0.232,0.509,0.334,0.340,0.291,0.278,92.4,17.3,36.3,53,20.2,,,28.2,
Garcia, Adolis,666969,2021,28,581,141,26,2,31,194,32,31.2,5.1,0.243,0.454,0.286,0.741,0.212,16,,0.220,0.412,0.314,0.298,0.267,0.193,91,14.7,29.4,45,11.5,12,3,28.4,
Gurriel Jr., Lourdes,666971,2021,28,500,138,28,2,21,102,32,18.9,5.9,0.276,0.466,0.318,0.784,0.190,1,,0.267,0.450,0.333,0.333,0.313,0.183,89.7,10.5,35.8,39,9.6,-8,,26.6,
Rooker Jr., Brent,667670,2021,27,189,38,10,0,9,70,15,32.9,7.0,0.201,0.397,0.291,0.688,0.196,0,,0.234,0.453,0.301,0.338,0.321,0.218,91,13.1,37.8,15,12.6,-5,,27.3,
Arozarena, Randy,668227,2021,26,529,145,32,3,20,170,56,28.1,9.3,0.274,0.459,0.356,0.815,0.185,20,,0.216,0.358,0.350,0.299,0.307,0.142,89.9,7.6,29.7,30,8.2,2,18,28.8,
Barrera, Tres,668663,2021,27,91,24,3,1,2,22,12,20.6,11.2,0.264,0.385,0.374,0.758,0.121,0,,0.242,0.338,0.333,0.311,0.355,0.096,82,11.2,34.8,4,5.8,,,24.7,
Rogers, Jake,668670,2021,26,113,27,5,3,6,46,11,36.2,8.7,0.239,0.496,0.299,0.795,0.257,1,,0.209,0.400,0.339,0.297,0.280,0.191,90.7,26.9,42.9,8,11.4,,,27.2,
Baddoo, Akil,668731,2021,23,413,107,20,7,13,122,45,26.5,9.8,0.259,0.436,0.330,0.766,0.177,18,,0.224,0.394,0.329,0.306,0.300,0.171,86,13.8,37.4,26,8.8,0,25,28.9,
Knizner, Andrew,668800,2021,26,161,28,7,0,1,39,20,21.1,10.8,0.174,0.236,0.281,0.517,0.062,0,,0.200,0.292,0.238,0.271,0.304,0.092,87.5,7.8,28.7,5,4.1,,,25.7,
Reynolds, Bryan,668804,2021,26,559,169,35,8,24,119,75,18.4,11.6,0.302,0.522,0.390,0.912,0.220,5,,0.289,0.510,0.385,0.382,0.380,0.221,89.4,13.4,39.9,46,10.4,11,2,28.7,
Rojas, Josh,668942,2021,27,484,128,32,3,11,137,58,24.9,10.5,0.264,0.411,0.338,0.749,0.147,9,,0.233,0.349,0.327,0.296,0.314,0.116,88.2,8.4,40.7,17,4.8,2,,27.6,
Marsh, Brandon,669016,2021,24,236,60,12,3,2,91,20,35.0,7.7,0.254,0.356,0.315,0.671,0.102,6,,0.260,0.406,0.296,0.321,0.322,0.145,92.1,7.9,44.2,16,10.9,2,7,29.1,
Murphy, Sean,669221,2021,27,393,85,23,0,17,114,40,25.4,8.9,0.216,0.405,0.306,0.710,0.188,0,,0.238,0.433,0.309,0.334,0.326,0.195,89.2,15.4,31.9,32,11.3,,,25.8,
Senzel, Nick,669222,2021,26,111,28,4,0,1,16,12,12.9,9.7,0.252,0.315,0.323,0.638,0.063,2,,0.303,0.427,0.286,0.352,0.368,0.124,88.9,10.5,33.3,4,4.2,1,,29.1,
Edman, Tommy,669242,2021,26,641,168,41,3,11,95,38,13.7,5.5,0.262,0.387,0.307,0.694,0.125,30,,0.271,0.398,0.301,0.316,0.318,0.127,87.6,9.5,31.7,24,4.3,0,24,28.9,
Solak, Nick,669256,2021,26,458,111,18,2,11,107,34,20.9,6.7,0.242,0.362,0.313,0.676,0.120,7,,0.231,0.347,0.299,0.294,0.305,0.116,86.9,7,29.3,23,6.5,,12,29.0,
Smith, Will,669257,2021,26,414,107,19,2,25,101,58,20.2,11.6,0.258,0.495,0.365,0.860,0.237,3,,0.246,0.457,0.364,0.360,0.361,0.212,90.1,19.4,38,35,10.8,,,27.8,
Johnson, Daniel,669288,2021,26,77,17,0,0,4,27,4,33.3,4.9,0.221,0.377,0.259,0.636,0.156,1,,0.204,0.368,0.274,0.268,0.243,0.164,89.3,20.5,36,4,8,0,1,28.3,
Espinal, Santiago,669289,2021,27,222,69,13,1,2,30,22,12.2,8.9,0.311,0.405,0.374,0.779,0.095,6,,0.268,0.346,0.344,0.308,0.336,0.079,84.8,13.1,35.8,3,1.6,,,27.3,
Hiura, Keston,669374,2021,25,173,29,9,1,4,77,14,39.1,7.1,0.168,0.301,0.254,0.554,0.133,3,,0.177,0.351,0.250,0.279,0.269,0.174,90.7,16.3,34.3,15,15.2,,,27.3,
Hays, Austin,669720,2021,26,488,125,26,4,22,107,28,20.2,5.3,0.256,0.461,0.306,0.767,0.205,4,,0.242,0.426,0.328,0.315,0.296,0.183,88.8,12.5,32.2,35,9.1,0,,27.4,
Lopez, Nicky,670032,2021,26,497,149,21,6,2,74,49,13.1,8.7,0.300,0.378,0.358,0.736,0.078,22,,0.236,0.301,0.329,0.280,0.310,0.065,86.8,2.8,27.6,3,0.7,,1,28.2,
Short, Zack,670097,2021,26,156,22,4,0,6,59,22,32.1,12.0,0.141,0.282,0.239,0.521,0.141,2,,0.152,0.270,0.230,0.243,0.255,0.119,87.5,24.3,33,5,4.9,,,28.4,
Rojas, Jose,670351,2021,28,168,35,14,0,6,50,15,27.2,8.2,0.208,0.399,0.277,0.676,0.190,2,,0.212,0.382,0.292,0.290,0.281,0.170,90.7,19,32.2,10,8.5,-4,,27.2,
Young, Andrew,670370,2021,27,91,19,7,0,6,45,6,43.3,5.8,0.209,0.484,0.298,0.782,0.275,0,,0.195,0.428,0.332,0.311,0.287,0.233,88.8,13.3,44.7,8,17,,,28.2,
Alvarez, Yordan,670541,2021,24,537,149,35,1,33,145,50,24.2,8.4,0.277,0.531,0.346,0.877,0.253,1,,0.276,0.558,0.370,0.386,0.348,0.281,93.2,14.1,37.2,63,15.9,-1,,26.2,
Paredes, Isaac,670623,2021,22,72,15,3,1,1,11,10,12.9,11.8,0.208,0.319,0.306,0.625,0.111,0,,0.224,0.306,0.274,0.281,0.320,0.083,85.5,18,31.7,1,1.6,,,26.4,
Brosseau, Mike,670712,2021,27,150,28,9,0,5,53,15,31.4,8.9,0.187,0.347,0.266,0.613,0.160,2,,0.201,0.325,0.268,0.274,0.281,0.124,90.1,18.2,30.3,7,7.1,,,27.9,
Walls, Taylor,670764,2021,25,152,32,10,0,1,49,23,27.8,13.1,0.211,0.296,0.313,0.609,0.086,4,,0.204,0.302,0.279,0.281,0.309,0.097,88.5,12.2,38.5,3,2.9,,,28.6,
Garcia, Luis,671277,2021,21,236,57,18,2,6,43,11,17.4,4.5,0.242,0.411,0.275,0.686,0.169,0,,0.239,0.360,0.291,0.276,0.273,0.121,86.8,4.1,32.1,10,5.2,,,27.0,
Kelenic, Jarred,672284,2021,22,337,61,13,1,14,106,36,28.1,9.5,0.181,0.350,0.265,0.615,0.169,6,,0.216,0.398,0.270,0.307,0.298,0.183,87.5,14.4,33.2,23,9.9,-2,,27.2,
Kirk, Alejandro,672386,2021,23,165,40,8,0,8,22,19,11.6,10.1,0.242,0.436,0.328,0.764,0.194,0,,0.284,0.501,0.330,0.373,0.365,0.217,92.3,14.7,31,16,11,,,24.7,
Robert, Luis,673357,2021,24,275,93,22,1,13,61,14,20.6,4.7,0.338,0.567,0.378,0.946,0.229,6,,0.294,0.529,0.399,0.375,0.341,0.235,91.2,13.8,39.4,27,12.5,5,4,28.0,
Akiyama, Shogo,673451,2021,33,162,33,8,0,0,40,14,21.9,7.7,0.204,0.253,0.279,0.532,0.049,2,,0.231,0.301,0.243,0.276,0.307,0.070,86.5,1.9,29.8,1,0.8,1,,28.1,
Kim, Ha-Seong,673490,2021,26,267,54,12,2,8,71,22,23.8,7.4,0.202,0.352,0.268,0.621,0.150,6,,0.208,0.304,0.270,0.264,0.278,0.096,86.7,13.6,31.3,9,4.5,,,28.4,
Clement, Ernie,676391,2021,25,121,28,4,0,3,19,7,14.3,5.3,0.231,0.339,0.278,0.617,0.107,0,,0.249,0.345,0.275,0.289,0.301,0.097,86.7,15,33.3,4,3.8,,,28.4,
Meyers, Jake,676694,2021,25,146,38,8,0,6,50,10,30.7,6.1,0.260,0.438,0.319,0.757,0.178,3,,0.242,0.413,0.328,0.317,0.307,0.171,89.5,9.9,40.4,10,10.1,5,10,29.2,
McCormick, Chas,676801,2021,26,284,73,12,0,14,104,25,32.5,7.8,0.257,0.447,0.319,0.766,0.190,4,,0.221,0.416,0.326,0.310,0.292,0.195,90.3,18.6,35.8,19,10.2,12,,28.8,
Franco, Wander,677551,2021,20,281,81,18,5,7,37,24,12.0,7.8,0.288,0.463,0.347,0.810,0.174,2,,0.276,0.403,0.348,0.329,0.338,0.127,88.2,9.7,33.9,12,4.9,,7,28.5,
Duran, Jarren,680776,2021,25,107,23,3,2,2,40,4,35.7,3.6,0.215,0.336,0.241,0.578,0.121,2,,0.217,0.298,0.247,0.242,0.245,0.081,89.6,7.8,38.2,3,4.4,0,2,29.3,
Jeffers, Ryan,680777,2021,24,267,53,10,1,14,108,22,36.9,7.5,0.199,0.401,0.270,0.670,0.202,0,,0.206,0.411,0.289,0.300,0.277,0.204,89.2,14,35.8,23,14.5,,,25.8,
Miller, Owen,680911,2021,25,191,39,8,0,4,54,9,26.7,4.5,0.204,0.309,0.243,0.551,0.105,2,,0.221,0.337,0.241,0.263,0.259,0.116,86.4,6,35.5,8,5.8,,2,29.1,
Vaughn, Andrew,683734,2021,23,417,98,22,0,15,101,41,21.5,8.7,0.235,0.396,0.309,0.705,0.161,1,,0.240,0.428,0.306,0.330,0.317,0.188,91.1,9.7,33.6,35,10.9,-4,,26.4,